timestamp,human_time,phase,vulnerability_type,temperature_temperature-sensor-01,temperature_temperature-sensor-02,temperature_temperature-sensor-03,temperature_temperature-sensor-04,gateway_temp_temperature-sensor-01,gateway_temp_temperature-sensor-02,gateway_temp_temperature-sensor-04,true_temp_temperature-sensor-01,true_temp_temperature-sensor-02,true_temp_temperature-sensor-03,true_temp_temperature-sensor-04,cpu_temperature-sensor-01,cpu_temperature-sensor-02,cpu_temperature-sensor-03,cpu_temperature-sensor-04,memory_temperature-sensor-01,memory_temperature-sensor-02,memory_temperature-sensor-03,memory_temperature-sensor-04,fault_code_temperature-sensor-01,fault_code_temperature-sensor-02,fault_code_temperature-sensor-03,fault_code_temperature-sensor-04,latency_temperature_temperature-sensor-01,latency_fault_status_temperature-sensor-01,latency_temperature_temperature-sensor-02,latency_fault_status_temperature-sensor-02,latency_temperature_temperature-sensor-03,latency_fault_status_temperature-sensor-03,latency_resources_temperature-sensor-03,latency_temperature_temperature-sensor-04,latency_fault_status_temperature-sensor-04,latency_resources_temperature-sensor-04,latency_resources_temperature-sensor-01,latency_resources_temperature-sensor-02,latency_ms_temperature_temperature-sensor-01,latency_ms_temperature_temperature-sensor-01_estimated,latency_ms_temperature_temperature-sensor-01_method,latency_ms_fault_status_temperature-sensor-01,latency_ms_fault_status_temperature-sensor-01_estimated,latency_ms_fault_status_temperature-sensor-01_method,latency_ms_resources_temperature-sensor-01,latency_ms_resources_temperature-sensor-01_estimated,latency_ms_resources_temperature-sensor-01_method,latency_ms_temperature_temperature-sensor-02,latency_ms_temperature_temperature-sensor-02_estimated,latency_ms_temperature_temperature-sensor-02_method,latency_ms_fault_status_temperature-sensor-02,latency_ms_fault_status_temperature-sensor-02_estimated,latency_ms_fault_status_temperature-sensor-02_method,latency_ms_resources_temperature-sensor-02,latency_ms_resources_temperature-sensor-02_estimated,latency_ms_resources_temperature-sensor-02_method,latency_ms_temperature_temperature-sensor-03,latency_ms_temperature_temperature-sensor-03_estimated,latency_ms_temperature_temperature-sensor-03_method,latency_ms_fault_status_temperature-sensor-03,latency_ms_fault_status_temperature-sensor-03_estimated,latency_ms_fault_status_temperature-sensor-03_method,latency_ms_resources_temperature-sensor-03,latency_ms_resources_temperature-sensor-03_estimated,latency_ms_resources_temperature-sensor-03_method,latency_ms_temperature_temperature-sensor-04,latency_ms_temperature_temperature-sensor-04_estimated,latency_ms_temperature_temperature-sensor-04_method,latency_ms_fault_status_temperature-sensor-04,latency_ms_fault_status_temperature-sensor-04_estimated,latency_ms_fault_status_temperature-sensor-04_method,latency_ms_resources_temperature-sensor-04,latency_ms_resources_temperature-sensor-04_estimated,latency_ms_resources_temperature-sensor-04_method,sensor_gateway_dev_temperature-sensor-01,sensor_true_dev_temperature-sensor-01,gateway_true_dev_temperature-sensor-01,sensor_gateway_dev_temperature-sensor-02,sensor_true_dev_temperature-sensor-02,gateway_true_dev_temperature-sensor-02,sensor_true_dev_temperature-sensor-03,sensor_gateway_dev_temperature-sensor-04,sensor_true_dev_temperature-sensor-04,gateway_true_dev_temperature-sensor-04,reporting_interval_temperature-sensor-01,reporting_interval_temperature-sensor-02,reporting_interval_temperature-sensor-03,reporting_interval_temperature-sensor-04,response_time_ms,temperature_temperature-sensor-01_roll_mean,temperature_temperature-sensor-01_roll_std,temperature_temperature-sensor-01_zscore,temperature_temperature-sensor-02_roll_mean,temperature_temperature-sensor-02_roll_std,temperature_temperature-sensor-02_zscore,temperature_temperature-sensor-03_roll_mean,temperature_temperature-sensor-03_roll_std,temperature_temperature-sensor-03_zscore,temperature_temperature-sensor-04_roll_mean,temperature_temperature-sensor-04_roll_std,temperature_temperature-sensor-04_zscore,interval_stability_temperature-sensor-02,interval_stability_temperature-sensor-04,interval_stability_temperature-sensor-01,interval_stability_temperature-sensor-03
1745487248.3109074,2025-04-24 09:34:08,baseline,stuck,24.19,24.77,24.8,25.1,24.030000686645508,24.98,25.4,25.44,24.94,25.65,24.95,0.0,2.0,0.0,4.0,32.85,32.39,32.76,30.23,0.0,3.0,0.0,0.0,15192.0,15192.0,15192.0,15192.0,15191.0,15191.0,15191.0,15165.0,15167.0,15150.0,15191.0,15191.0,9.692170910215442,False,interpolation,10000.0,True,highest_bucket,737.5,False,interpolation,10000.0,True,highest_bucket,10000.0,True,highest_bucket,737.5,False,interpolation,10000.0,True,highest_bucket,10000.0,True,highest_bucket,737.5,False,interpolation,10000.0,True,highest_bucket,10000.0,True,highest_bucket,737.875,False,interpolation,0.15999931335449347,1.25,1.4099993133544935,0.21000000000000085,0.1700000000000017,0.03999999999999915,0.8499999999999979,0.29999999999999716,0.15000000000000213,0.4499999999999993,,,,,182205000.0,24.19,,,24.77,,,24.8,,,25.1,,,,,,
1745487253.3109958,2025-04-24 09:34:13,baseline,stuck,25.35,24.8,19.58,25.42,25.459999084472656,25.38,23.63,24.29,25.7,24.89,23.3,0.0,0.0,0.0,4.0,32.85,32.39,32.76,30.23,0.0,3.0,0.0,1.0,15193.0,15193.0,15193.0,15193.0,15193.0,15193.0,15193.0,15167.0,15169.0,15151.0,15192.0,15193.0,9.692182830052563,False,interpolation,10000.0,True,highest_bucket,737.5,False,interpolation,10000.0,True,highest_bucket,10000.0,True,highest_bucket,737.5,False,interpolation,10000.0,True,highest_bucket,10000.0,True,highest_bucket,737.5,False,interpolation,10000.0,True,highest_bucket,10000.0,True,highest_bucket,737.8749753305704,False,interpolation,0.10999908447265483,1.0600000000000023,1.169999084472657,0.5799999999999983,0.8999999999999986,0.3200000000000003,5.310000000000002,1.7900000000000027,2.120000000000001,0.3299999999999983,5.0001397132873535,5.0001397132873535,5.0001397132873535,5.0001397132873535,182223000.0,24.770000000000003,0.820243866176394,0.7071067811865465,24.785,0.02121320343559723,0.7071067811865476,22.189999999999998,3.6910973977937784,0.7071067811865474,25.26,0.2262741699796954,0.7071067811865476,,,,
1745487258.3111005,2025-04-24 09:34:18,baseline,stuck,24.53,24.86,18.83,25.42,24.059999465942383,251.87,24.12,25.43,26.27,25.1,24.47,0.0,0.0,0.0,4.0,32.85,32.39,32.76,30.23,0.0,3.0,0.0,1.0,15194.0,15194.0,15194.0,15194.0,15194.0,15194.0,15194.0,15168.0,15170.0,15153.0,15193.0,15194.0,9.692157064825311,False,interpolation,10000.0,True,highest_bucket,737.5,False,interpolation,10000.0,True,highest_bucket,10000.0,True,highest_bucket,737.5,False,interpolation,10000.0,True,highest_bucket,10000.0,True,highest_bucket,737.5,False,interpolation,10000.0,True,highest_bucket,10000.0,True,highest_bucket,737.8749506643862,False,interpolation,0.4700005340576183,0.8999999999999986,1.370000534057617,227.01,1.4100000000000001,225.6,6.270000000000003,1.3000000000000007,0.9500000000000028,0.34999999999999787,5.00010347366333,5.00010347366333,5.00010347366333,5.00010347366333,182236000.0,24.69,0.5963220606350222,0.26831138836221563,24.810000000000002,0.045825756949558684,1.0910894511798932,21.069999999999997,3.251968634535087,0.6888135316594888,25.313333333333333,0.18475208614068014,0.5773502691896394,2.562528389462357e-05,2.562528389462357e-05,2.562528389462357e-05,2.562528389462357e-05
1745487263.3112059,2025-04-24 09:34:23,baseline,stuck,25.66,25.18,24.79,25.42,25.1299991607666,251.87,25.42,25.43,26.27,24.47,23.19,0.0,0.0,0.0,2.0,32.85,32.39,32.76,30.23,0.0,3.0,0.0,1.0,15195.0,15195.0,15195.0,15195.0,15195.0,15195.0,15195.0,15169.0,15171.0,15154.0,15194.0,15195.0,9.692131299598062,False,interpolation,10000.0,True,highest_bucket,737.5,False,interpolation,10000.0,True,highest_bucket,10000.0,True,highest_bucket,737.5,False,interpolation,10000.0,True,highest_bucket,10000.0,True,highest_bucket,737.5,False,interpolation,10000.0,True,highest_bucket,10000.0,True,highest_bucket,737.8749013417522,False,interpolation,0.5300008392333986,0.23000000000000043,0.30000083923339815,226.69,1.0899999999999999,225.6,0.3200000000000003,0.0,2.2300000000000004,2.2300000000000004,5.00006890296936,5.00006890296936,5.00006890296936,5.00006890296936,182248000.0,24.9325,0.6872347973339721,1.0585901686326566,24.9025,0.18874586088176898,1.470230916342196,22.0,3.2418821693577953,0.8606111679107349,25.340000000000003,0.15999999999999964,0.49999999999999045,3.540843676572673e-05,3.540843676572673e-05,3.540843676572673e-05,3.540843676572673e-05
1745487268.31127,2025-04-24 09:34:28,baseline,stuck,24.87,246.59,25.47,25.42,25.1299991607666,25.54,22.89,25.0,25.8,24.47,23.19,0.0,0.0,0.0,4.0,32.85,32.39,32.76,30.23,0.0,3.0,0.0,1.0,15197.0,15197.0,15196.0,15196.0,15196.0,15196.0,15196.0,15170.0,15172.0,15155.0,15195.0,15196.0,9.692105534370812,False,interpolation,10000.0,True,highest_bucket,737.5,False,interpolation,10000.0,True,highest_bucket,10000.0,True,highest_bucket,737.5,False,interpolation,10000.0,True,highest_bucket,10000.0,True,highest_bucket,737.5,False,interpolation,10000.0,True,highest_bucket,10000.0,True,highest_bucket,737.8748766853009,False,interpolation,0.25999916076660057,0.129999999999999,0.12999916076660156,221.05,220.79,0.26000000000000156,1.0,2.530000000000001,2.2300000000000004,0.3000000000000007,5.000084161758423,5.000084161758423,5.000084161758423,5.000084161758423,182262000.0,24.92,0.5958187643906486,0.08391813582967018,69.24,99.14179870266628,1.7888519506478395,22.694,3.2078855964638153,0.8653675190474682,25.356,0.14310835055998614,0.4472135954999596,3.056999760993285e-05,3.056999760993285e-05,3.056999760993285e-05,3.056999760993285e-05
1745487273.3113678,2025-04-24 09:34:33,baseline,stuck,25.26,24.84,25.6,25.42,24.399999618530273,254.65,25.42,24.92,25.68,25.4,23.95,2.0,0.0,0.0,0.0,32.85,32.39,32.76,30.23,0.0,3.0,0.0,1.0,15198.0,15198.0,15198.0,15198.0,15198.0,15198.0,15197.0,15171.0,15173.0,15156.0,15197.0,15198.0,9.692085737840067,False,interpolation,10000.0,True,highest_bucket,737.5,False,interpolation,10000.0,True,highest_bucket,10000.0,True,highest_bucket,737.5,False,interpolation,10000.0,True,highest_bucket,10000.0,True,highest_bucket,737.5,False,interpolation,10000.0,True,highest_bucket,10000.0,True,highest_bucket,737.8748520320926,False,interpolation,0.8600003814697281,0.33999999999999986,0.5200003814697283,229.81,0.8399999999999999,228.97,0.20000000000000284,0.0,1.4700000000000024,1.4700000000000024,5.000163316726685,5.000163316726685,5.000163316726685,5.000163316726685,182280000.0,25.134000000000004,0.43980677575498844,0.28648944706161344,69.254,99.13395371919754,0.44802006107619935,22.854,3.3557309188908477,0.8183016059307947,25.42,0.0,,3.907177894532347e-05,3.907177894532347e-05,3.907177894532347e-05,3.907177894532347e-05
1745487278.3114467,2025-04-24 09:34:38,baseline,stuck,25.21,25.13,25.44,25.42,24.639999389648438,24.34,25.42,24.07,24.82,24.65,24.0,2.0,0.0,0.0,0.0,32.85,32.39,32.76,30.23,0.0,3.0,0.0,1.0,15199.0,15199.0,15199.0,15199.0,15199.0,15199.0,15199.0,15173.0,15175.0,15158.0,15198.0,15199.0,9.692091705306542,False,interpolation,10000.0,True,highest_bucket,737.5,False,interpolation,10000.0,True,highest_bucket,10000.0,True,highest_bucket,737.5,False,interpolation,10000.0,True,highest_bucket,10000.0,True,highest_bucket,737.5,False,interpolation,10000.0,True,highest_bucket,10000.0,True,highest_bucket,737.8748273821266,False,interpolation,0.5700006103515634,1.1400000000000006,0.5699993896484372,0.7899999999999991,0.3099999999999987,0.4800000000000004,0.7900000000000027,0.0,1.4200000000000017,1.4200000000000017,5.00008225440979,5.00008225440979,5.00008225440979,5.00008225440979,182296000.0,25.106,0.42688405920108896,0.24362586926912802,69.32000000000001,99.09706176269809,0.4459264403400699,24.026,2.921648507264353,0.48397334466628966,25.42,0.0,,3.725911088712444e-05,3.725911088712444e-05,3.725911088712444e-05,3.725911088712444e-05
1745487283.3115432,2025-04-24 09:34:43,baseline,stuck,23.77,251.58,26.05,25.42,24.239999771118164,25.45,23.64,24.07,25.0,25.63,23.17,0.0,0.0,0.0,0.0,32.85,32.39,32.76,30.23,0.0,3.0,0.0,1.0,15200.0,15200.0,15200.0,15200.0,15200.0,15200.0,15200.0,15174.0,15176.0,15159.0,15199.0,15200.0,9.692097671543374,False,interpolation,10000.0,True,highest_bucket,737.5,False,interpolation,10000.0,True,highest_bucket,10000.0,True,highest_bucket,737.5,False,interpolation,10000.0,True,highest_bucket,10000.0,True,highest_bucket,737.5,False,interpolation,10000.0,True,highest_bucket,10000.0,True,highest_bucket,737.8748027354025,False,interpolation,0.4699997711181645,0.3000000000000007,0.16999977111816378,226.13000000000002,226.58,0.4499999999999993,0.4200000000000017,1.7800000000000011,2.25,0.46999999999999886,5.000395774841309,5.000395774841309,5.000395774841309,5.000395774841309,182308000.0,24.954,0.7187697823364594,1.647259009903348,114.66400000000002,122.7217736589559,1.1156618415611388,25.470000000000002,0.4518296139033268,1.2836697333523932,25.42,0.0,,0.000137558181419355,0.000137558181419355,0.000137558181419355,0.000137558181419355
1745487288.3116431,2025-04-24 09:34:48,baseline,stuck,23.73,24.51,25.18,25.42,23.489999771118164,25.45,25.42,23.83,25.0,25.63,24.07,2.0,0.0,0.0,0.0,32.85,32.39,32.76,30.23,0.0,3.0,0.0,1.0,15201.0,15201.0,15201.0,15201.0,15201.0,15201.0,15201.0,15175.0,15177.0,15160.0,15200.0,15201.0,9.692587059550794,False,interpolation,10000.0,True,highest_bucket,737.5,False,interpolation,10000.0,True,highest_bucket,10000.0,True,highest_bucket,737.5,False,interpolation,10000.0,True,highest_bucket,10000.0,True,highest_bucket,737.5,False,interpolation,10000.0,True,highest_bucket,10000.0,True,highest_bucket,737.8747534516765,False,interpolation,0.24000022888183636,0.09999999999999787,0.34000022888183423,0.9399999999999977,0.48999999999999844,0.4499999999999993,0.4499999999999993,0.0,1.3500000000000014,1.3500000000000014,5.000147342681885,5.000147342681885,5.000147342681885,5.000147342681885,182320000.0,24.568,0.7617873719089885,1.1000444886609615,114.53000000000002,122.84421292840783,0.7327980525420649,25.548,0.3193274181776911,1.1524221819099272,25.42,0.0,,0.0001289334742913913,0.0001289334742913913,0.0001289334742913913,0.0001289334742913913
1745487293.3117256,2025-04-24 09:34:53,baseline,stuck,24.56,250.01,26.04,25.42,24.860000610351562,25.45,24.54,23.85,24.63,24.47,24.07,0.0,0.0,0.0,0.0,32.85,32.39,32.76,30.23,0.0,3.0,0.0,1.0,15203.0,15203.0,15203.0,15203.0,15202.0,15202.0,15202.0,15176.0,15178.0,15161.0,15202.0,15202.0,9.692561302287244,False,interpolation,10000.0,True,highest_bucket,737.5,False,interpolation,10000.0,True,highest_bucket,10000.0,True,highest_bucket,737.5,False,interpolation,10000.0,True,highest_bucket,10000.0,True,highest_bucket,737.5,False,interpolation,10000.0,True,highest_bucket,10000.0,True,highest_bucket,737.8747288146736,False,interpolation,0.3000006103515638,0.7099999999999973,1.010000610351561,224.56,225.38,0.8200000000000003,1.5700000000000003,0.8800000000000026,1.3500000000000014,0.46999999999999886,5.000151634216309,5.000151634216309,5.000151634216309,5.000151634216309,182337000.0,24.506,0.743458136010363,0.07263354503022856,115.21400000000001,123.7693925411287,1.089089937604785,25.662,0.3804208196195773,0.9936364691554,25.42,0.0,,0.00012035078458553543,0.00012035078458553543,0.00012035078458553543,0.00012035078458553543
1745487298.3118155,2025-04-24 09:34:58,baseline,stuck,23.58,246.81,23.78,25.42,23.90999984741211,252.36,25.42,24.88,26.06,25.58,24.82,0.0,4.0,0.0,0.0,32.85,32.39,32.76,30.23,0.0,3.0,0.0,1.0,15204.0,15204.0,15204.0,15204.0,15204.0,15204.0,15204.0,15178.0,15180.0,15162.0,15203.0,15204.0,9.692573135558302,False,interpolation,10000.0,True,highest_bucket,737.5,False,interpolation,10000.0,True,highest_bucket,10000.0,True,highest_bucket,737.5,False,interpolation,10000.0,True,highest_bucket,10000.0,True,highest_bucket,737.5,False,interpolation,10000.0,True,highest_bucket,10000.0,True,highest_bucket,737.8747041809097,False,interpolation,0.3299998474121111,1.3000000000000007,0.9700001525878896,5.550000000000011,220.75,226.3,1.7999999999999972,0.0,0.6000000000000014,0.6000000000000014,5.000152111053467,5.000152111053467,5.000152111053467,5.000152111053467,182355000.0,24.17,0.6955932719628638,0.8481968181421717,159.608,123.0562486020113,0.7086352866324476,25.298000000000002,0.9293115731551103,1.6334672286994463,25.42,0.0,,0.00012102926474381603,0.00012102926474381603,0.00012102926474381603,0.00012102926474381603
1745487303.3119195,2025-04-24 09:35:03,baseline,stuck,24.72,247.13,24.39,25.42,24.8799991607666,252.36,25.42,24.55,26.09,24.71,24.61,0.0,4.0,4.0,2.0,32.85,32.39,32.76,30.23,0.0,3.0,0.0,1.0,15205.0,15205.0,15205.0,15205.0,15205.0,15205.0,15205.0,15179.0,15181.0,15164.0,15204.0,15205.0,9.692579050365639,False,interpolation,10000.0,True,highest_bucket,737.5,False,interpolation,10000.0,True,highest_bucket,10000.0,True,highest_bucket,737.5,False,interpolation,10000.0,True,highest_bucket,10000.0,True,highest_bucket,737.5,False,interpolation,10000.0,True,highest_bucket,10000.0,True,highest_bucket,737.8746795503846,False,interpolation,0.1599991607666027,0.16999999999999815,0.32999916076660085,5.230000000000018,221.04,226.27,0.3200000000000003,0.0,0.8100000000000023,0.8100000000000023,5.00007176399231,5.00007176399231,5.00007176399231,5.00007176399231,182368000.0,24.072,0.5263743914743589,1.2310629287738923,204.00799999999998,100.36225545492692,0.4296635204593052,25.088,1.0047736063412605,0.6946838527553164,25.42,0.0,,0.0001233423442358889,0.0001233423442358889,0.0001233423442358889,0.0001233423442358889
1745487308.3120234,2025-04-24 09:35:08,baseline,stuck,24.52,248.04,24.63,25.42,24.790000915527344,26.57,24.88,24.55,26.09,24.84,23.26,0.0,0.0,0.0,2.0,32.85,32.39,32.76,30.23,0.0,3.0,0.0,1.0,15206.0,15206.0,15206.0,15206.0,15206.0,15206.0,15206.0,15180.0,15182.0,15165.0,15205.0,15206.0,9.692584963954685,False,interpolation,10000.0,True,highest_bucket,737.5,False,interpolation,10000.0,True,highest_bucket,10000.0,True,highest_bucket,737.5,False,interpolation,10000.0,True,highest_bucket,10000.0,True,highest_bucket,737.5,False,interpolation,10000.0,True,highest_bucket,10000.0,True,highest_bucket,737.874630299047,False,interpolation,0.2700009155273442,0.030000000000001137,0.24000091552734304,221.47,221.95,0.4800000000000004,0.21000000000000085,0.5400000000000027,2.16,1.6199999999999974,5.000093460083008,5.000093460083008,5.000093460083008,5.000093460083008,182380000.0,24.222,0.5256614880319876,0.566904760544041,203.3,99.95442061259727,0.44760401516810344,24.804,0.8543008837640389,0.20367531312077974,25.42,0.0,,3.793853198339564e-05,3.793853198339564e-05,3.793853198339564e-05,3.793853198339564e-05
1745487313.3120883,2025-04-24 09:35:13,baseline,stuck,24.31,252.27,24.57,25.42,24.559999465942383,24.51,25.42,23.51,26.14,24.84,23.26,0.0,0.0,0.0,0.0,32.85,32.39,32.76,30.23,0.0,3.0,0.0,1.0,15208.0,15208.0,15208.0,15208.0,15207.0,15207.0,15207.0,15181.0,15183.0,15166.0,15207.0,15207.0,9.692590876325815,False,interpolation,10000.0,True,highest_bucket,737.5,False,interpolation,10000.0,True,highest_bucket,10000.0,True,highest_bucket,737.5,False,interpolation,10000.0,True,highest_bucket,10000.0,True,highest_bucket,737.5,False,interpolation,10000.0,True,highest_bucket,10000.0,True,highest_bucket,737.8746056782335,False,interpolation,0.2499994659423841,0.7999999999999972,1.0499994659423812,227.76000000000002,226.13,1.629999999999999,0.2699999999999996,0.0,2.16,2.16,5.000152111053467,5.000152111053467,5.000152111053467,5.000152111053467,182397000.0,24.338,0.448241006602481,0.062466395505027555,248.852,2.281341710488278,1.4982411377857325,24.682,0.8304035163702141,0.13487418802073808,25.42,0.0,,3.874650352758832e-05,3.874650352758832e-05,3.874650352758832e-05,3.874650352758832e-05
1745487318.3122005,2025-04-24 09:35:18,baseline,stuck,23.04,246.81,25.01,25.42,23.670000076293945,24.51,23.94,24.75,25.29,25.54,23.53,0.0,4.0,0.0,0.0,32.85,32.39,32.76,30.23,0.0,3.0,0.0,1.0,15209.0,15209.0,15209.0,15209.0,15209.0,15209.0,15208.0,15182.0,15184.0,15167.0,15208.0,15209.0,9.692602697415834,False,interpolation,10000.0,True,highest_bucket,737.5,False,interpolation,10000.0,True,highest_bucket,10000.0,True,highest_bucket,737.5,False,interpolation,10000.0,True,highest_bucket,10000.0,True,highest_bucket,737.5,False,interpolation,10000.0,True,highest_bucket,10000.0,True,highest_bucket,737.8745810606558,False,interpolation,0.6300000762939462,1.7100000000000009,1.0799999237060547,222.3,221.52,0.7799999999999976,0.5299999999999976,1.4800000000000004,1.8900000000000006,0.41000000000000014,5.000146865844727,5.000146865844727,5.000146865844727,5.000146865844727,182412000.0,24.034,0.7030504960527377,1.413838700891034,248.212,2.3237297605387575,0.6033403814025831,24.476,0.44986664690774203,1.187018427950971,25.42,0.0,,3.795351205662461e-05,3.795351205662461e-05,3.795351205662461e-05,3.795351205662461e-05
1745487323.3122752,2025-04-24 09:35:23,baseline,stuck,24.3,248.08,26.32,25.42,24.920000076293945,25.35,25.47,23.69,25.44,25.46,25.49,0.0,2.0,0.0,0.0,32.85,32.39,32.76,30.23,0.0,3.0,0.0,1.0,15210.0,15210.0,15210.0,15210.0,15210.0,15210.0,15210.0,15184.0,15186.0,15169.0,15209.0,15210.0,9.692608606135474,False,interpolation,10000.0,True,highest_bucket,737.5,False,interpolation,10000.0,True,highest_bucket,10000.0,True,highest_bucket,737.5,False,interpolation,10000.0,True,highest_bucket,10000.0,True,highest_bucket,737.5,False,interpolation,10000.0,True,highest_bucket,10000.0,True,highest_bucket,737.8745564463136,False,interpolation,0.6200000762939446,0.6099999999999994,1.230000076293944,222.73000000000002,222.64000000000001,0.08999999999999986,0.8599999999999994,0.04999999999999716,0.06999999999999673,0.019999999999999574,5.000146865844727,5.000146865844727,5.000146865844727,5.000146865844727,182428000.0,24.177999999999997,0.6591813104146711,0.18507806285232345,248.46599999999998,2.198187890061615,0.17559918410302394,24.984,0.7802435517196034,1.7122858587623646,25.42,0.0,,3.701773804369472e-05,3.701773804369472e-05,3.701773804369472e-05,3.701773804369472e-05
1745487328.3123953,2025-04-24 09:35:28,baseline,stuck,23.56,24.81,26.31,25.42,23.489999771118164,251.53,25.42,23.69,25.44,26.14,24.86,0.0,2.0,0.0,0.0,32.85,32.39,32.76,30.23,0.0,3.0,0.0,1.0,15211.0,15211.0,15211.0,15211.0,15211.0,15211.0,15211.0,15185.0,15187.0,15170.0,15210.0,15211.0,9.692614513638704,False,interpolation,10000.0,True,highest_bucket,737.5,False,interpolation,10000.0,True,highest_bucket,10000.0,True,highest_bucket,737.5,False,interpolation,10000.0,True,highest_bucket,10000.0,True,highest_bucket,737.5,False,interpolation,10000.0,True,highest_bucket,10000.0,True,highest_bucket,737.8745072273325,False,interpolation,0.07000022888183466,0.13000000000000256,0.20000022888183722,226.72,0.6300000000000026,226.09,0.16999999999999815,0.0,0.5600000000000023,0.5600000000000023,5.000122547149658,5.000122547149658,5.000122547149658,5.000122547149658,182440000.0,23.945999999999998,0.6239230721811787,0.6186660138253552,204.002,100.19270567261874,1.7884735100927678,25.368000000000002,0.8808064486594237,1.0694744588140888,25.42,0.0,,2.4598974826785036e-05,2.4598974826785036e-05,2.4598974826785036e-05,2.4598974826785036e-05
1745487333.3124962,2025-04-24 09:35:33,baseline,stuck,24.64,25.21,25.92,25.42,23.489999771118164,251.53,25.42,24.31,27.33,26.14,25.02,0.0,4.0,0.0,2.0,32.85,32.39,32.76,30.23,0.0,3.0,0.0,1.0,15213.0,15213.0,15212.0,15212.0,15212.0,15212.0,15212.0,15186.0,15188.0,15171.0,15211.0,15212.0,9.692620419925895,False,interpolation,10000.0,True,highest_bucket,737.5,False,interpolation,10000.0,True,highest_bucket,10000.0,True,highest_bucket,737.5,False,interpolation,10000.0,True,highest_bucket,10000.0,True,highest_bucket,737.5,False,interpolation,10000.0,True,highest_bucket,10000.0,True,highest_bucket,737.8744826226924,False,interpolation,1.1500002288818365,0.33000000000000185,0.8200002288818347,226.32,2.1199999999999974,224.2,0.21999999999999886,0.0,0.40000000000000213,0.40000000000000213,5.000094890594482,5.000094890594482,5.000094890594482,5.000094890594482,182454000.0,23.97,0.6531462317123178,1.025803973856665,159.436,122.73029894854818,1.0936663655995096,25.625999999999998,0.7953804121299621,0.36963444851840976,25.42,0.0,,2.403514712391662e-05,2.403514712391662e-05,2.403514712391662e-05,2.403514712391662e-05
1745487338.3126004,2025-04-24 09:35:38,baseline,stuck,23.9,250.68,25.16,25.42,23.709999084472656,248.62,25.42,24.32,27.47,25.44,25.02,2.0,4.0,2.0,0.0,32.85,32.39,32.76,30.23,0.0,3.0,0.0,1.0,15214.0,15214.0,15214.0,15214.0,15214.0,15214.0,15213.0,15187.0,15189.0,15172.0,15213.0,15214.0,9.692568958419102,False,interpolation,10000.0,True,highest_bucket,737.5,False,interpolation,10000.0,True,highest_bucket,10000.0,True,highest_bucket,737.5,False,interpolation,10000.0,True,highest_bucket,10000.0,True,highest_bucket,737.5,False,interpolation,10000.0,True,highest_bucket,10000.0,True,highest_bucket,737.8744580212849,False,interpolation,0.19000091552734233,0.4200000000000017,0.610000915527344,2.0600000000000023,223.21,221.15,0.28000000000000114,0.0,0.40000000000000213,0.40000000000000213,5.00008225440979,5.00008225440979,5.00008225440979,5.00008225440979,182472000.0,23.887999999999998,0.6249159943544412,0.019202581000342053,159.11800000000002,122.43132307542872,0.7478641715207924,25.744,0.6250839943559817,0.9342744419519003,25.42,0.0,,2.9566018737646056e-05,2.9566018737646056e-05,2.9566018737646056e-05,2.9566018737646056e-05
1745487343.3127038,2025-04-24 09:35:43,baseline,stuck,24.4,25.37,25.65,25.42,24.31999969482422,248.62,25.42,25.13,25.47,25.77,25.88,0.0,6.0,0.0,2.0,32.85,32.39,32.76,30.23,0.0,3.0,0.0,1.0,15215.0,15215.0,15215.0,15215.0,15215.0,15215.0,15215.0,15189.0,15191.0,15173.0,15214.0,15215.0,9.692543227665707,False,interpolation,10000.0,True,highest_bucket,737.5,False,interpolation,10000.0,True,highest_bucket,10000.0,True,highest_bucket,737.5,False,interpolation,10000.0,True,highest_bucket,10000.0,True,highest_bucket,737.5,False,interpolation,10000.0,True,highest_bucket,10000.0,True,highest_bucket,737.8744334231097,False,interpolation,0.08000030517577983,0.7300000000000004,0.8100003051757803,223.25,0.09999999999999787,223.15,0.120000000000001,0.0,0.4599999999999973,0.4599999999999973,5.000131607055664,5.000131607055664,5.000131607055664,5.000131607055664,182487000.0,24.16,0.42871902220452346,0.5598072107131853,114.83000000000001,122.830392615183,0.7283213714074045,25.872000000000003,0.4876166527099245,0.4552756735567626,25.42,0.0,,2.656522247653981e-05,2.656522247653981e-05,2.656522247653981e-05,2.656522247653981e-05
1745487348.3128195,2025-04-24 09:35:48,baseline,stuck,25.2,25.12,25.83,25.42,24.93000030517578,248.62,25.42,25.13,27.04,26.05,24.23,0.0,4.0,0.0,2.0,32.85,32.39,32.76,30.23,0.0,3.0,0.0,1.0,15216.0,15216.0,15216.0,15216.0,15216.0,15216.0,15216.0,15190.0,15192.0,15175.0,15215.0,15216.0,9.692549140681281,False,interpolation,10000.0,True,highest_bucket,737.5,False,interpolation,10000.0,True,highest_bucket,10000.0,True,highest_bucket,737.5,False,interpolation,10000.0,True,highest_bucket,10000.0,True,highest_bucket,737.5,False,interpolation,10000.0,True,highest_bucket,10000.0,True,highest_bucket,737.874408828166,False,interpolation,0.26999969482421804,0.07000000000000028,0.19999969482421776,223.5,1.9199999999999982,221.58,0.22000000000000242,0.0,1.1900000000000013,1.1900000000000013,5.000081300735474,5.000081300735474,5.000081300735474,5.000081300735474,182500000.0,24.34,0.6393746945258342,1.3450641812431798,70.238,100.8703507974469,0.44728703373501066,25.774,0.4195592925916789,0.13347338740628822,25.42,0.0,,2.3271778472378785e-05,2.3271778472378785e-05,2.3271778472378785e-05,2.3271778472378785e-05
1745487353.312921,2025-04-24 09:35:53,baseline,stuck,25.2,24.99,25.62,25.42,23.8700008392334,27.26,25.42,23.52,27.04,26.05,25.27,2.0,4.0,0.0,0.0,32.85,32.39,32.76,30.23,0.0,3.0,0.0,1.0,15217.0,15217.0,15217.0,15217.0,15217.0,15217.0,15217.0,15191.0,15193.0,15176.0,15216.0,15217.0,9.692555052479934,False,interpolation,10000.0,True,highest_bucket,737.5,False,interpolation,10000.0,True,highest_bucket,10000.0,True,highest_bucket,737.5,False,interpolation,10000.0,True,highest_bucket,10000.0,True,highest_bucket,737.5,False,interpolation,10000.0,True,highest_bucket,10000.0,True,highest_bucket,737.8743596479706,False,interpolation,1.3299991607666009,1.6799999999999997,0.35000083923339886,2.270000000000003,2.0500000000000007,0.22000000000000242,0.4299999999999997,0.0,0.15000000000000213,0.15000000000000213,5.000080823898315,5.000080823898315,5.000080823898315,5.000080823898315,182512000.0,24.668,0.5541840849392968,0.9599698267377585,70.27400000000002,100.85011467519507,0.4490227913557147,25.636000000000003,0.2938196725885257,0.054455169250728463,25.42,0.0,,2.1724237274596842e-05,2.1724237274596842e-05,2.1724237274596842e-05,2.1724237274596842e-05
1745487358.3129902,2025-04-24 09:35:58,baseline,stuck,24.82,25.43,25.93,25.42,24.809999465942383,249.66,25.42,23.97,27.04,25.35,25.27,0.0,0.0,0.0,0.0,32.85,32.39,32.76,30.23,0.0,3.0,0.0,1.0,15219.0,15219.0,15219.0,15219.0,15218.0,15218.0,15218.0,15192.0,15194.0,15177.0,15218.0,15218.0,9.692560963062043,False,interpolation,10000.0,True,highest_bucket,737.5,False,interpolation,10000.0,True,highest_bucket,10000.0,True,highest_bucket,737.5,False,interpolation,10000.0,True,highest_bucket,10000.0,True,highest_bucket,737.5,False,interpolation,10000.0,True,highest_bucket,10000.0,True,highest_bucket,737.8743350627175,False,interpolation,0.010000534057617472,0.8500000000000014,0.839999465942384,224.23,1.6099999999999994,222.62,0.5799999999999983,0.0,0.15000000000000213,0.15000000000000213,5.000160455703735,5.000160455703735,5.000160455703735,5.000160455703735,182529000.0,24.704,0.5577454616579199,0.20798017729303467,70.31800000000001,100.8255834101643,0.4452044657891344,25.637999999999998,0.29626002092761056,0.985620668916884,25.42,0.0,,3.681232274270108e-05,3.681232274270108e-05,3.681232274270108e-05,3.681232274270108e-05
1745487363.3130965,2025-04-24 09:36:03,baseline,stuck,24.11,24.83,25.32,25.42,24.200000762939453,27.62,25.42,24.26,27.33,25.91,24.97,0.0,2.0,0.0,0.0,32.85,32.39,32.76,30.23,0.0,3.0,0.0,1.0,15220.0,15220.0,15220.0,15220.0,15220.0,15220.0,15220.0,15194.0,15196.0,15178.0,15219.0,15220.0,9.69257278057813,False,interpolation,10000.0,True,highest_bucket,737.5,False,interpolation,10000.0,True,highest_bucket,10000.0,True,highest_bucket,737.5,False,interpolation,10000.0,True,highest_bucket,10000.0,True,highest_bucket,737.5,False,interpolation,10000.0,True,highest_bucket,10000.0,True,highest_bucket,737.8743104806936,False,interpolation,0.0900007629394537,0.15000000000000213,0.05999923706054844,2.7900000000000027,2.5,0.2900000000000027,0.5899999999999999,0.0,0.45000000000000284,0.45000000000000284,5.000101566314697,5.000101566314697,5.000101566314697,5.000101566314697,182547000.0,24.746,0.4852628153897708,1.3106299923045905,25.148000000000003,0.25282404947783055,1.2577917356231947,25.669999999999998,0.2337733945512805,1.4971763603459243,25.42,0.0,,3.446752676412715e-05,3.446752676412715e-05,3.446752676412715e-05,3.446752676412715e-05
1745487368.4567997,2025-04-24 09:36:08,event,stuck,24.22,24.52,25.1,25.42,23.899999618530273,25.37,25.42,24.7,27.21,26.62,25.48,0.0,2.0,0.0,0.0,32.85,32.39,32.76,30.23,0.0,3.0,0.0,1.0,15221.0,15221.0,15221.0,15221.0,15221.0,15221.0,15221.0,15195.0,15197.0,15180.0,15220.0,15221.0,9.692170910215442,False,interpolation,10000.0,True,highest_bucket,737.5,False,interpolation,10000.0,True,highest_bucket,10000.0,True,highest_bucket,737.5,False,interpolation,10000.0,True,highest_bucket,10000.0,True,highest_bucket,737.5,False,interpolation,10000.0,True,highest_bucket,10000.0,True,highest_bucket,737.875,False,interpolation,0.3200003814697254,0.4800000000000004,0.8000003814697259,0.8500000000000014,2.6900000000000013,1.8399999999999999,1.5199999999999996,0.0,0.05999999999999872,0.05999999999999872,,,,,182560000.0,24.71,0.5225897052181633,0.9376380650197534,24.978,0.33774250545993884,1.3560626589664695,25.560000000000002,0.3473470886592068,1.3243237528653116,25.42,0.0,,,,,
1745487373.456887,2025-04-24 09:36:13,event,stuck,24.01,249.22,26.13,25.42,24.75,25.37,25.42,24.7,27.21,25.0,25.63,4.0,2.0,0.0,0.0,32.85,32.39,32.76,30.23,0.0,3.0,0.0,1.0,15222.0,15222.0,15222.0,15222.0,15222.0,15222.0,15222.0,15196.0,15198.0,15181.0,15221.0,15222.0,9.692182830052563,False,interpolation,10000.0,True,highest_bucket,737.5,False,interpolation,10000.0,True,highest_bucket,10000.0,True,highest_bucket,737.5,False,interpolation,10000.0,True,highest_bucket,10000.0,True,highest_bucket,737.5,False,interpolation,10000.0,True,highest_bucket,10000.0,True,highest_bucket,737.8749753305704,False,interpolation,0.7399999999999984,0.6899999999999977,0.05000000000000071,223.85,222.01,1.8399999999999999,1.129999999999999,0.0,0.2099999999999973,0.2099999999999973,5.0001397132873535,5.0001397132873535,5.0001397132873535,5.0001397132873535,182572000.0,24.472,0.5145580628073041,0.8978578578274329,69.798,100.30048439563987,1.7888448005122455,25.619999999999997,0.42326114870139914,1.204929867918954,25.42,0.0,,,,,
1745487378.4569871,2025-04-24 09:36:18,event,stuck,25.2,252.66,26.68,25.42,25.040000915527344,25.37,25.42,24.78,26.63,25.0,25.63,0.0,2.0,2.0,2.0,32.85,32.39,32.76,30.23,0.0,3.0,0.0,1.0,15224.0,15224.0,15223.0,15223.0,15223.0,15223.0,15223.0,15197.0,15199.0,15182.0,15222.0,15223.0,9.692157064825311,False,interpolation,10000.0,True,highest_bucket,737.5,False,interpolation,10000.0,True,highest_bucket,10000.0,True,highest_bucket,737.5,False,interpolation,10000.0,True,highest_bucket,10000.0,True,highest_bucket,737.5,False,interpolation,10000.0,True,highest_bucket,10000.0,True,highest_bucket,737.8749506643862,False,interpolation,0.15999908447265554,0.41999999999999815,0.2600009155273426,227.29,226.03,1.259999999999998,1.6799999999999997,0.0,0.2099999999999973,0.2099999999999973,5.00010347366333,5.00010347366333,5.00010347366333,5.00010347366333,182586000.0,24.472,0.5145580628073041,1.4148063214250426,115.332,123.799007548526,1.1092819136386936,25.832,0.6355076710788246,1.3343662690340965,25.42,0.0,,2.562528389462357e-05,2.562528389462357e-05,2.562528389462357e-05,2.562528389462357e-05
1745487383.4570785,2025-04-24 09:36:23,event,stuck,24.5,245.34,25.19,25.42,24.450000762939453,25.28,25.42,24.0,27.06,25.65,25.02,4.0,2.0,2.0,0.0,32.85,32.39,32.76,30.23,0.0,3.0,0.0,1.0,15225.0,15225.0,15225.0,15225.0,15225.0,15225.0,15224.0,15198.0,15200.0,15183.0,15224.0,15225.0,9.692131299598062,False,interpolation,10000.0,True,highest_bucket,737.5,False,interpolation,10000.0,True,highest_bucket,10000.0,True,highest_bucket,737.5,False,interpolation,10000.0,True,highest_bucket,10000.0,True,highest_bucket,737.5,False,interpolation,10000.0,True,highest_bucket,10000.0,True,highest_bucket,737.8749013417522,False,interpolation,0.049999237060546875,0.5,0.4500007629394531,220.06,218.28,1.7799999999999976,0.4599999999999973,0.0,0.40000000000000213,0.40000000000000213,5.00006890296936,5.00006890296936,5.00006890296936,5.00006890296936,182604000.0,24.408,0.4791346366106349,0.19201283516215892,159.31400000000002,122.93535488214935,0.6997661501239238,25.683999999999997,0.6907459735677282,0.7151688448482272,25.42,0.0,,3.540843676572673e-05,3.540843676572673e-05,3.540843676572673e-05,3.540843676572673e-05
1745487388.457146,2025-04-24 09:36:28,event,stuck,24.03,248.07,25.62,25.42,23.75,25.28,25.42,23.81,27.03,26.82,26.25,0.0,0.0,2.0,6.0,32.85,32.39,32.76,30.23,0.0,3.0,0.0,1.0,15226.0,15226.0,15226.0,15226.0,15226.0,15226.0,15226.0,15200.0,15202.0,15185.0,15225.0,15226.0,9.692105534370812,False,interpolation,10000.0,True,highest_bucket,737.5,False,interpolation,10000.0,True,highest_bucket,10000.0,True,highest_bucket,737.5,False,interpolation,10000.0,True,highest_bucket,10000.0,True,highest_bucket,737.5,False,interpolation,10000.0,True,highest_bucket,10000.0,True,highest_bucket,737.8748766853009,False,interpolation,0.28000000000000114,0.22000000000000242,0.05999999999999872,222.79,221.04,1.75,1.1999999999999993,0.0,0.8299999999999983,0.8299999999999983,5.000084161758423,5.000084161758423,5.000084161758423,5.000084161758423,182620000.0,24.392000000000003,0.4927169572888728,0.7347017281318502,203.962,100.34548779093161,0.43956136913598337,25.744,0.6637243403703299,0.18682454817132677,25.42,0.0,,3.056999760993285e-05,3.056999760993285e-05,3.056999760993285e-05,3.056999760993285e-05
1745487393.4572306,2025-04-24 09:36:33,event,stuck,23.61,245.87,25.62,25.42,23.829999923706055,27.34,25.42,23.81,27.03,25.31,25.43,2.0,4.0,0.0,0.0,32.85,32.39,32.76,30.23,0.0,3.0,0.0,1.0,15227.0,15227.0,15227.0,15227.0,15227.0,15227.0,15227.0,15201.0,15203.0,15186.0,15226.0,15227.0,9.692085737840067,False,interpolation,10000.0,True,highest_bucket,737.5,False,interpolation,10000.0,True,highest_bucket,10000.0,True,highest_bucket,737.5,False,interpolation,10000.0,True,highest_bucket,10000.0,True,highest_bucket,737.5,False,interpolation,10000.0,True,highest_bucket,10000.0,True,highest_bucket,737.8748520320926,False,interpolation,0.21999992370605526,0.1999999999999993,0.019999923706055966,218.53,218.84,0.3099999999999987,0.3100000000000023,0.0,0.00999999999999801,0.00999999999999801,5.000163316726685,5.000163316726685,5.000163316726685,5.000163316726685,182632000.0,24.270000000000003,0.6079884867330999,1.0855468720244636,248.23200000000003,2.9390593733380013,0.8036584838765642,25.848000000000003,0.5719877621068756,0.3986099268281195,25.42,0.0,,3.907177894532347e-05,3.907177894532347e-05,3.907177894532347e-05,3.907177894532347e-05
1745487398.457315,2025-04-24 09:36:38,event,stuck,23.93,24.63,25.11,25.42,23.829999923706055,245.75,25.42,24.34,26.16,25.31,24.67,4.0,4.0,4.0,4.0,32.85,32.39,32.76,30.23,0.0,3.0,0.0,1.0,15229.0,15229.0,15228.0,15228.0,15228.0,15228.0,15228.0,15202.0,15204.0,15187.0,15227.0,15228.0,9.692091705306542,False,interpolation,10000.0,True,highest_bucket,737.5,False,interpolation,10000.0,True,highest_bucket,10000.0,True,highest_bucket,737.5,False,interpolation,10000.0,True,highest_bucket,10000.0,True,highest_bucket,737.5,False,interpolation,10000.0,True,highest_bucket,10000.0,True,highest_bucket,737.8748273821266,False,interpolation,0.10000007629394503,0.41000000000000014,0.5100000762939452,221.12,1.5300000000000011,219.59,0.1999999999999993,0.0,0.75,0.75,5.00008225440979,5.00008225440979,5.00008225440979,5.00008225440979,182646000.0,24.253999999999998,0.617519230469793,0.5246800164482442,203.31400000000002,99.92909601312326,1.7881078397480372,25.644,0.6256436685526576,0.8535209846130721,25.42,0.0,,3.725911088712444e-05,3.725911088712444e-05,3.725911088712444e-05,3.725911088712444e-05
1745487403.4574606,2025-04-24 09:36:43,event,stuck,24.41,251.6,25.28,25.42,24.280000686645508,26.87,25.42,23.04,27.34,26.46,24.67,0.0,0.0,0.0,2.0,32.85,32.39,32.76,30.23,0.0,3.0,0.0,1.0,15230.0,15230.0,15230.0,15230.0,15230.0,15230.0,15229.0,15203.0,15205.0,15188.0,15229.0,15230.0,9.692097671543374,False,interpolation,10000.0,True,highest_bucket,737.5,False,interpolation,10000.0,True,highest_bucket,10000.0,True,highest_bucket,737.5,False,interpolation,10000.0,True,highest_bucket,10000.0,True,highest_bucket,737.5,False,interpolation,10000.0,True,highest_bucket,10000.0,True,highest_bucket,737.8748027354025,False,interpolation,0.12999931335449233,1.370000000000001,1.2400006866455087,224.73,224.26,0.46999999999999886,1.1799999999999997,0.0,0.75,0.75,5.000395774841309,5.000395774841309,5.000395774841309,5.000395774841309,182664000.0,24.095999999999997,0.36397802131448315,0.8626894526928106,203.102,99.79927640018242,0.48595542722703894,25.364,0.24130893062632863,0.34810149703939136,25.42,0.0,,0.000137558181419355,0.000137558181419355,0.000137558181419355,0.000137558181419355
1745487408.457549,2025-04-24 09:36:48,event,stuck,22.7,24.63,25.48,25.42,22.75,25.24,25.42,22.69,27.07,26.13,24.48,4.0,2.0,4.0,0.0,32.85,32.39,32.76,30.23,0.0,3.0,0.0,1.0,15231.0,15231.0,15231.0,15231.0,15231.0,15231.0,15231.0,15205.0,15207.0,15189.0,15230.0,15231.0,9.692587059550794,False,interpolation,10000.0,True,highest_bucket,737.5,False,interpolation,10000.0,True,highest_bucket,10000.0,True,highest_bucket,737.5,False,interpolation,10000.0,True,highest_bucket,10000.0,True,highest_bucket,737.5,False,interpolation,10000.0,True,highest_bucket,10000.0,True,highest_bucket,737.8747534516765,False,interpolation,0.05000000000000071,0.00999999999999801,0.05999999999999872,0.6099999999999994,2.4400000000000013,1.8300000000000018,0.6499999999999986,0.0,0.9400000000000013,0.9400000000000013,5.000147342681885,5.000147342681885,5.000147342681885,5.000147342681885,182679000.0,23.735999999999997,0.6456624505111067,1.6045535855150004,158.95999999999998,122.64298553117504,1.0952929710428012,25.422,0.22320394261756077,0.2598520407830674,25.42,0.0,,0.0001289334742913913,0.0001289334742913913,0.0001289334742913913,0.0001289334742913913
1745487413.4576352,2025-04-24 09:36:53,event,stuck,23.19,24.75,24.91,25.42,22.229999542236328,25.24,25.42,22.69,26.62,25.86,24.7,2.0,0.0,2.0,2.0,32.85,32.39,32.76,30.23,0.0,3.0,0.0,1.0,15232.0,15232.0,15232.0,15232.0,15232.0,15232.0,15232.0,15206.0,15208.0,15191.0,15231.0,15232.0,9.692561302287244,False,interpolation,10000.0,True,highest_bucket,737.5,False,interpolation,10000.0,True,highest_bucket,10000.0,True,highest_bucket,737.5,False,interpolation,10000.0,True,highest_bucket,10000.0,True,highest_bucket,737.5,False,interpolation,10000.0,True,highest_bucket,10000.0,True,highest_bucket,737.8747288146736,False,interpolation,0.9600004577636732,0.5,0.46000045776367315,0.48999999999999844,1.870000000000001,1.3800000000000026,0.9499999999999993,0.0,0.7200000000000024,0.7200000000000024,5.000151634216309,5.000151634216309,5.000151634216309,5.000151634216309,182692000.0,23.568,0.6591813104146744,0.5734385881817702,114.296,122.74218419109224,0.7295454337083455,25.28,0.28346075566120427,1.305295327873286,25.42,0.0,,0.00012035078458553543,0.00012035078458553543,0.00012035078458553543,0.00012035078458553543
1745487418.4577556,2025-04-24 09:36:58,event,stuck,23.15,254.27,25.18,25.42,23.06999969482422,25.24,25.42,22.92,26.62,25.86,25.01,4.0,0.0,2.0,0.0,32.85,32.39,32.76,30.23,0.0,3.0,0.0,1.0,15233.0,15233.0,15233.0,15233.0,15233.0,15233.0,15233.0,15207.0,15209.0,15192.0,15232.0,15233.0,9.692573135558302,False,interpolation,10000.0,True,highest_bucket,737.5,False,interpolation,10000.0,True,highest_bucket,10000.0,True,highest_bucket,737.5,False,interpolation,10000.0,True,highest_bucket,10000.0,True,highest_bucket,737.5,False,interpolation,10000.0,True,highest_bucket,10000.0,True,highest_bucket,737.8747041809097,False,interpolation,0.08000030517577983,0.22999999999999687,0.14999969482421704,229.03,227.65,1.3800000000000026,0.6799999999999997,0.0,0.41000000000000014,0.41000000000000014,5.000152111053467,5.000152111053467,5.000152111053467,5.000152111053467,182704000.0,23.476,0.6835056693254327,0.47695288368527705,115.97600000000003,125.02946284776245,1.1060912912054066,25.192,0.21040437257818453,0.057033035259480426,25.42,0.0,,0.00012102926474381603,0.00012102926474381603,0.00012102926474381603,0.00012102926474381603
1745487423.457844,2025-04-24 09:37:03,event,stuck,22.24,245.57,26.24,25.42,22.350000381469727,27.66,25.42,22.82,27.73,25.96,25.01,0.0,2.0,4.0,4.0,32.85,32.39,32.76,30.23,0.0,3.0,0.0,1.0,15235.0,15235.0,15235.0,15235.0,15234.0,15234.0,15234.0,15208.0,15210.0,15193.0,15234.0,15234.0,9.692579050365639,False,interpolation,10000.0,True,highest_bucket,737.5,False,interpolation,10000.0,True,highest_bucket,10000.0,True,highest_bucket,737.5,False,interpolation,10000.0,True,highest_bucket,10000.0,True,highest_bucket,737.5,False,interpolation,10000.0,True,highest_bucket,10000.0,True,highest_bucket,737.8746795503846,False,interpolation,0.11000038146972813,0.5800000000000018,0.4699996185302737,217.91,217.84,0.07000000000000028,0.2799999999999976,0.0,0.41000000000000014,0.41000000000000014,5.00007176399231,5.00007176399231,5.00007176399231,5.00007176399231,182721000.0,23.137999999999998,0.8091785958612641,1.1097673672944808,160.16400000000002,123.71043076475003,0.6903702417980385,25.418,0.5033090501868835,1.6331913755470573,25.42,0.0,,0.0001233423442358889,0.0001233423442358889,0.0001233423442358889,0.0001233423442358889
1745487428.4579217,2025-04-24 09:37:08,event,stuck,22.32,25.16,25.99,25.42,22.959999084472656,246.15,24.73,23.43,27.54,25.71,24.54,2.0,0.0,2.0,0.0,32.85,32.39,32.76,30.23,0.0,3.0,0.0,1.0,15236.0,15236.0,15236.0,15236.0,15236.0,15236.0,15236.0,15210.0,15212.0,15194.0,15235.0,15236.0,9.692584963954685,False,interpolation,10000.0,True,highest_bucket,737.5,False,interpolation,10000.0,True,highest_bucket,10000.0,True,highest_bucket,737.5,False,interpolation,10000.0,True,highest_bucket,10000.0,True,highest_bucket,737.5,False,interpolation,10000.0,True,highest_bucket,10000.0,True,highest_bucket,737.874630299047,False,interpolation,0.639999084472656,1.1099999999999994,0.47000091552734347,220.99,2.379999999999999,218.61,0.2799999999999976,0.6900000000000013,0.8800000000000026,0.19000000000000128,5.000093460083008,5.000093460083008,5.000093460083008,5.000093460083008,182739000.0,22.720000000000002,0.4462622547336987,0.8963339286642045,114.876,123.31626608035134,0.7275277045896134,25.56,0.5524038377853882,0.778416025717506,25.42,0.0,,3.793853198339564e-05,3.793853198339564e-05,3.793853198339564e-05,3.793853198339564e-05
1745487433.458008,2025-04-24 09:37:13,event,stuck,23.36,248.36,25.83,25.42,22.93000030517578,27.53,25.63,22.61,27.11,26.99,26.11,2.0,0.0,0.0,2.0,32.85,32.39,32.76,30.23,0.0,3.0,0.0,1.0,15237.0,15237.0,15237.0,15237.0,15237.0,15237.0,15237.0,15211.0,15213.0,15196.0,15236.0,15237.0,9.692590876325815,False,interpolation,10000.0,True,highest_bucket,737.5,False,interpolation,10000.0,True,highest_bucket,10000.0,True,highest_bucket,737.5,False,interpolation,10000.0,True,highest_bucket,10000.0,True,highest_bucket,737.5,False,interpolation,10000.0,True,highest_bucket,10000.0,True,highest_bucket,737.8746056782335,False,interpolation,0.4299996948242182,0.75,0.3200003051757818,220.83,221.25,0.4200000000000017,1.1600000000000001,0.2099999999999973,0.6899999999999977,0.4800000000000004,5.000152111053467,5.000152111053467,5.000152111053467,5.000152111053467,182752000.0,22.852,0.5288383495927703,0.9605959938253009,159.622,122.9737991199752,0.7216008664855982,25.629999999999995,0.5618273756235331,0.3559812296046214,25.42,0.0,,3.874650352758832e-05,3.874650352758832e-05,3.874650352758832e-05,3.874650352758832e-05
1745487438.4580762,2025-04-24 09:37:18,event,stuck,23.04,24.8,26.2,25.42,22.559999465942383,248.29,25.42,22.61,27.11,25.82,24.7,6.0,0.0,0.0,0.0,32.85,32.39,32.76,30.23,0.0,3.0,0.0,1.0,15238.0,15238.0,15238.0,15238.0,15238.0,15238.0,15238.0,15212.0,15214.0,15197.0,15237.0,15238.0,9.692602697415834,False,interpolation,10000.0,True,highest_bucket,737.5,False,interpolation,10000.0,True,highest_bucket,10000.0,True,highest_bucket,737.5,False,interpolation,10000.0,True,highest_bucket,10000.0,True,highest_bucket,737.5,False,interpolation,10000.0,True,highest_bucket,10000.0,True,highest_bucket,737.8745810606558,False,interpolation,0.48000053405761633,0.4299999999999997,0.05000053405761662,223.48999999999998,2.3099999999999987,221.18,0.379999999999999,0.0,0.7200000000000024,0.7200000000000024,5.000146865844727,5.000146865844727,5.000146865844727,5.000146865844727,182764000.0,22.821999999999996,0.5087435503276722,0.4285066608895461,159.632,122.9600909645077,1.0965509129211617,25.887999999999998,0.4290337982024636,0.7272154345582967,25.42,0.0,,3.795351205662461e-05,3.795351205662461e-05,3.795351205662461e-05,3.795351205662461e-05
1745487443.4582114,2025-04-24 09:37:23,event,stuck,23.18,24.68,25.61,25.42,22.139999389648438,248.29,24.24,23.44,27.06,25.82,24.7,0.0,0.0,0.0,0.0,32.85,32.39,32.76,30.23,0.0,3.0,0.0,1.0,15240.0,15240.0,15239.0,15239.0,15239.0,15239.0,15239.0,15213.0,15215.0,15198.0,15238.0,15239.0,9.692608606135474,False,interpolation,10000.0,True,highest_bucket,737.5,False,interpolation,10000.0,True,highest_bucket,10000.0,True,highest_bucket,737.5,False,interpolation,10000.0,True,highest_bucket,10000.0,True,highest_bucket,737.5,False,interpolation,10000.0,True,highest_bucket,10000.0,True,highest_bucket,737.8745564463136,False,interpolation,1.0400006103515622,0.26000000000000156,1.3000006103515638,223.60999999999999,2.379999999999999,221.23,0.21000000000000085,1.1800000000000033,0.7200000000000024,0.46000000000000085,5.000146865844727,5.000146865844727,5.000146865844727,5.000146865844727,182778000.0,22.828,0.5137314473535808,0.6851828943181919,113.71400000000001,121.64509188619162,0.731916089827103,25.973999999999997,0.26235472170333485,1.387434530000953,25.42,0.0,,3.701773804369472e-05,3.701773804369472e-05,3.701773804369472e-05,3.701773804369472e-05
1745487448.4582932,2025-04-24 09:37:28,event,stuck,23.03,245.33,25.62,25.42,23.190000534057617,25.9,25.42,23.3,27.85,26.59,25.54,0.0,0.0,0.0,0.0,32.85,32.39,32.76,30.23,0.0,3.0,0.0,1.0,15241.0,15241.0,15241.0,15241.0,15241.0,15241.0,15240.0,15214.0,15216.0,15199.0,15240.0,15241.0,9.692614513638704,False,interpolation,10000.0,True,highest_bucket,737.5,False,interpolation,10000.0,True,highest_bucket,10000.0,True,highest_bucket,737.5,False,interpolation,10000.0,True,highest_bucket,10000.0,True,highest_bucket,737.5,False,interpolation,10000.0,True,highest_bucket,10000.0,True,highest_bucket,737.8745072273325,False,interpolation,0.16000053405761605,0.2699999999999996,0.10999946594238352,219.43,217.48000000000002,1.9500000000000028,0.9699999999999989,0.0,0.11999999999999744,0.11999999999999744,5.000122547149658,5.000122547149658,5.000122547149658,5.000122547149658,182796000.0,22.986,0.39557553008244345,0.11123033821336287,113.66600000000001,121.58008545810453,1.0829405120410964,25.85,0.2514955267992502,0.9145291883604434,25.42,0.0,,2.4598974826785036e-05,2.4598974826785036e-05,2.4598974826785036e-05,2.4598974826785036e-05
1745487453.458371,2025-04-24 09:37:33,event,stuck,23.0,25.44,26.35,25.42,23.079999923706055,24.55,25.42,22.54,27.2,26.64,25.59,0.0,0.0,0.0,0.0,32.85,32.39,32.76,30.23,0.0,3.0,0.0,1.0,15242.0,15242.0,15242.0,15242.0,15242.0,15242.0,15242.0,15216.0,15218.0,15201.0,15241.0,15242.0,9.692620419925895,False,interpolation,10000.0,True,highest_bucket,737.5,False,interpolation,10000.0,True,highest_bucket,10000.0,True,highest_bucket,737.5,False,interpolation,10000.0,True,highest_bucket,10000.0,True,highest_bucket,737.5,False,interpolation,10000.0,True,highest_bucket,10000.0,True,highest_bucket,737.8744826226924,False,interpolation,0.07999992370605469,0.46000000000000085,0.5399999237060555,0.8900000000000006,1.759999999999998,2.6499999999999986,0.28999999999999915,0.0,0.16999999999999815,0.16999999999999815,5.000094890594482,5.000094890594482,5.000094890594482,5.000094890594482,182812000.0,23.122,0.15006665185845655,0.8129720926610048,113.72200000000001,121.52918176306464,0.7264263506037266,25.922000000000004,0.33818633916826596,1.2655744790065107,25.42,0.0,,2.403514712391662e-05,2.403514712391662e-05,2.403514712391662e-05,2.403514712391662e-05
1745487458.458459,2025-04-24 09:37:38,event,stuck,22.57,253.66,26.24,25.42,22.600000381469727,24.55,25.5,22.54,27.62,26.07,25.78,0.0,0.0,0.0,0.0,32.85,32.39,32.76,30.23,0.0,3.0,0.0,1.0,15243.0,15243.0,15243.0,15243.0,15243.0,15243.0,15243.0,15217.0,15219.0,15202.0,15242.0,15243.0,9.692568958419102,False,interpolation,10000.0,True,highest_bucket,737.5,False,interpolation,10000.0,True,highest_bucket,10000.0,True,highest_bucket,737.5,False,interpolation,10000.0,True,highest_bucket,10000.0,True,highest_bucket,737.5,False,interpolation,10000.0,True,highest_bucket,10000.0,True,highest_bucket,737.8744580212849,False,interpolation,0.03000038146972628,0.030000000000001137,0.060000381469727415,229.10999999999999,226.04,3.0700000000000003,0.16999999999999815,0.0799999999999983,0.35999999999999943,0.28000000000000114,5.00008225440979,5.00008225440979,5.00008225440979,5.00008225440979,182824000.0,22.964,0.23093289068473163,1.7061233626434142,114.78200000000001,123.01118128040233,1.1289868006667578,26.004,0.3593466293149744,0.6567474987865781,25.42,0.0,,2.9566018737646056e-05,2.9566018737646056e-05,2.9566018737646056e-05,2.9566018737646056e-05
1745487463.4585428,2025-04-24 09:37:43,event,stuck,23.19,250.0,26.6,25.42,23.030000686645508,27.71,25.42,23.19,27.62,26.07,25.27,0.0,0.0,2.0,0.0,32.85,32.39,32.76,30.23,0.0,3.0,0.0,1.0,15245.0,15245.0,15244.0,15244.0,15244.0,15244.0,15244.0,15218.0,15220.0,15203.0,15243.0,15244.0,9.692543227665707,False,interpolation,10000.0,True,highest_bucket,737.5,False,interpolation,10000.0,True,highest_bucket,10000.0,True,highest_bucket,737.5,False,interpolation,10000.0,True,highest_bucket,10000.0,True,highest_bucket,737.5,False,interpolation,10000.0,True,highest_bucket,10000.0,True,highest_bucket,737.8744334231097,False,interpolation,0.15999931335449347,0.0,0.15999931335449347,222.29,222.38,0.08999999999999986,0.5300000000000011,0.0,0.15000000000000213,0.15000000000000213,5.000131607055664,5.000131607055664,5.000131607055664,5.000131607055664,182838000.0,22.994,0.2520515820224233,0.7776186065857137,159.82200000000003,123.056025939407,0.7328206750671745,26.083999999999996,0.44758239464933625,1.1528603586034067,25.42,0.0,,2.656522247653981e-05,2.656522247653981e-05,2.656522247653981e-05,2.656522247653981e-05
1745487468.4586112,2025-04-24 09:37:48,event,stuck,22.63,246.66,26.48,25.42,22.649999618530273,25.11,25.66,23.2,27.58,26.22,25.27,0.0,0.0,0.0,0.0,32.85,32.39,32.76,30.23,0.0,3.0,0.0,1.0,15246.0,15246.0,15246.0,15246.0,15245.0,15245.0,15245.0,15219.0,15221.0,15204.0,15245.0,15245.0,9.692549140681281,False,interpolation,10000.0,True,highest_bucket,737.5,False,interpolation,10000.0,True,highest_bucket,10000.0,True,highest_bucket,737.5,False,interpolation,10000.0,True,highest_bucket,10000.0,True,highest_bucket,737.5,False,interpolation,10000.0,True,highest_bucket,10000.0,True,highest_bucket,737.874408828166,False,interpolation,0.019999618530274432,0.5700000000000003,0.5500003814697259,221.55,219.07999999999998,2.469999999999999,0.26000000000000156,0.23999999999999844,0.15000000000000213,0.39000000000000057,5.000081300735474,5.000081300735474,5.000081300735474,5.000081300735474,182853000.0,22.884,0.26996296042236245,0.9408698126684241,204.21800000000002,99.99199477958228,0.4244539784765486,26.258,0.38147083767967654,0.5819579849152613,25.42,0.0,,2.3271778472378785e-05,2.3271778472378785e-05,2.3271778472378785e-05,2.3271778472378785e-05
1745487473.4587355,2025-04-24 09:37:53,event,stuck,22.83,25.02,26.59,25.42,23.59000015258789,25.11,25.42,21.98,27.02,26.97,24.63,0.0,0.0,0.0,0.0,32.85,32.39,32.76,30.23,0.0,3.0,0.0,1.0,15247.0,15247.0,15247.0,15247.0,15247.0,15247.0,15247.0,15221.0,15223.0,15205.0,15246.0,15247.0,9.692555052479934,False,interpolation,10000.0,True,highest_bucket,737.5,False,interpolation,10000.0,True,highest_bucket,10000.0,True,highest_bucket,737.5,False,interpolation,10000.0,True,highest_bucket,10000.0,True,highest_bucket,737.5,False,interpolation,10000.0,True,highest_bucket,10000.0,True,highest_bucket,737.8743596479706,False,interpolation,0.7600001525878923,0.8499999999999979,1.6100001525878902,0.08999999999999986,2.0,1.9100000000000001,0.379999999999999,0.0,0.7900000000000027,0.7900000000000027,5.000080823898315,5.000080823898315,5.000080823898315,5.000080823898315,182871000.0,22.844,0.25744902408050735,0.05437969730126044,160.156,123.19499129428925,1.0969277125657322,26.451999999999998,0.15578831791901257,0.8858173824801276,25.42,0.0,,2.1724237274596842e-05,2.1724237274596842e-05,2.1724237274596842e-05,2.1724237274596842e-05
1745487478.458888,2025-04-24 09:37:58,event,stuck,21.69,251.28,27.08,25.42,22.290000915527344,27.34,25.42,21.98,26.78,27.23,26.32,0.0,2.0,0.0,0.0,32.85,32.39,32.76,30.23,0.0,3.0,0.0,1.0,15248.0,15248.0,15248.0,15248.0,15248.0,15248.0,15248.0,15222.0,15224.0,15207.0,15247.0,15248.0,9.692560963062043,False,interpolation,10000.0,True,highest_bucket,737.5,False,interpolation,10000.0,True,highest_bucket,10000.0,True,highest_bucket,737.5,False,interpolation,10000.0,True,highest_bucket,10000.0,True,highest_bucket,737.5,False,interpolation,10000.0,True,highest_bucket,10000.0,True,highest_bucket,737.8743350627175,False,interpolation,0.6000009155273425,0.28999999999999915,0.3100009155273433,223.94,224.5,0.5599999999999987,0.15000000000000213,0.0,0.8999999999999986,0.8999999999999986,5.000160455703735,5.000160455703735,5.000160455703735,5.000160455703735,182884000.0,22.582,0.5543645010279817,1.6090496385427382,205.324,100.82468090700813,0.45580109539236513,26.598000000000003,0.3059738550922861,1.5752979935315639,25.42,0.0,,3.681232274270108e-05,3.681232274270108e-05,3.681232274270108e-05,3.681232274270108e-05
1745487483.4590752,2025-04-24 09:38:03,event,stuck,22.3,25.46,26.82,25.42,22.290000915527344,246.38,25.9,22.03,26.78,27.23,25.99,2.0,4.0,0.0,0.0,32.85,32.39,32.76,30.23,0.0,3.0,0.0,1.0,15249.0,15249.0,15249.0,15249.0,15249.0,15249.0,15249.0,15223.0,15225.0,15208.0,15248.0,15249.0,9.69257278057813,False,interpolation,10000.0,True,highest_bucket,737.5,False,interpolation,10000.0,True,highest_bucket,10000.0,True,highest_bucket,737.5,False,interpolation,10000.0,True,highest_bucket,10000.0,True,highest_bucket,737.5,False,interpolation,10000.0,True,highest_bucket,10000.0,True,highest_bucket,737.8743104806936,False,interpolation,0.00999908447265696,0.2699999999999996,0.2600009155273426,220.92,1.3200000000000003,219.6,0.41000000000000014,0.4799999999999969,0.5699999999999967,0.08999999999999986,5.000101566314697,5.000101566314697,5.000101566314697,5.000101566314697,182896000.0,22.528,0.5687881855313126,0.40085220790410786,159.68400000000003,122.74170717404903,1.0935484204213404,26.714,0.2389142105443608,0.4436739018515599,25.42,0.0,,3.446752676412715e-05,3.446752676412715e-05,3.446752676412715e-05,3.446752676412715e-05
1745487488.459231,2025-04-24 09:38:08,event,stuck,24.07,249.1,27.17,25.42,23.860000610351562,246.38,25.42,22.16,26.6,27.02,25.99,0.0,0.0,0.0,0.0,32.85,32.39,32.76,30.23,0.0,3.0,0.0,1.0,15251.0,15251.0,15251.0,15251.0,15250.0,15250.0,15250.0,15224.0,15226.0,15209.0,15250.0,15250.0,9.691762096358195,False,interpolation,10000.0,True,highest_bucket,737.5,False,interpolation,10000.0,True,highest_bucket,10000.0,True,highest_bucket,737.5,False,interpolation,10000.0,True,highest_bucket,10000.0,True,highest_bucket,737.5,False,interpolation,10000.0,True,highest_bucket,10000.0,True,highest_bucket,737.8753704313467,False,interpolation,0.20999938964843778,1.9100000000000001,1.7000006103515624,2.719999999999999,222.5,219.78,0.15000000000000213,0.0,0.5699999999999967,0.5699999999999967,5.000155687332153,5.000155687332153,5.000155687332153,5.000155687332153,182913000.0,22.704,0.8773140828688458,1.5570250457317805,159.50400000000002,122.57669631704061,0.7309382834748854,26.827999999999996,0.29928247526381446,1.1427331309610973,25.42,0.0,,3.937358497750632e-05,3.937358497750632e-05,3.937358497750632e-05,3.937358497750632e-05
1745487493.459392,2025-04-24 09:38:13,event,stuck,21.74,245.99,28.18,25.42,22.030000686645508,247.22,26.18,22.83,27.48,27.6,26.66,0.0,0.0,0.0,0.0,32.85,32.39,32.76,30.23,0.0,3.0,0.0,1.0,15252.0,15252.0,15252.0,15252.0,15252.0,15252.0,15252.0,15226.0,15228.0,15210.0,15251.0,15252.0,9.691768103981843,False,interpolation,10000.0,True,highest_bucket,737.5,False,interpolation,10000.0,True,highest_bucket,10000.0,True,highest_bucket,737.5,False,interpolation,10000.0,True,highest_bucket,10000.0,True,highest_bucket,737.5,False,interpolation,10000.0,True,highest_bucket,10000.0,True,highest_bucket,737.8753457131568,False,interpolation,0.2900006866455094,1.0899999999999999,0.7999993133544905,1.2299999999999898,218.51000000000002,219.74,0.5799999999999983,0.759999999999998,1.2399999999999984,0.4800000000000004,5.000161170959473,5.000161170959473,5.000161170959473,5.000161170959473,182931000.0,22.526,0.9803213758763006,0.8017778856422496,159.37000000000003,122.45790705381175,0.7073450958290223,27.168,0.6097294481981629,1.659752539410068,25.42,0.0,,3.797020786976669e-05,3.797020786976669e-05,3.797020786976669e-05,3.797020786976669e-05
1745487498.4594665,2025-04-24 09:38:18,event,stuck,22.49,251.04,28.06,25.42,22.799999237060547,247.22,25.7,23.39,27.4,27.04,25.63,0.0,0.0,0.0,0.0,32.85,32.39,32.76,30.23,0.0,3.0,0.0,1.0,15253.0,15253.0,15253.0,15253.0,15253.0,15253.0,15253.0,15227.0,15229.0,15212.0,15252.0,15253.0,9.691774110366168,False,interpolation,10000.0,True,highest_bucket,737.5,False,interpolation,10000.0,True,highest_bucket,10000.0,True,highest_bucket,737.5,False,interpolation,10000.0,True,highest_bucket,10000.0,True,highest_bucket,737.5,False,interpolation,10000.0,True,highest_bucket,10000.0,True,highest_bucket,737.875296286542,False,interpolation,0.30999923706054844,0.9000000000000021,0.5900007629394537,3.819999999999993,223.64,219.82,1.0199999999999996,0.2799999999999976,0.2099999999999973,0.07000000000000028,5.00007438659668,5.00007438659668,5.00007438659668,5.00007438659668,182944000.0,22.458,0.9656448622552718,0.03313847693992153,204.574,100.15015516712894,0.4639633350787952,27.462,0.6157272123270466,0.9712093083233233,25.42,0.0,,4.0181488868627004e-05,4.0181488868627004e-05,4.0181488868627004e-05,4.0181488868627004e-05
1745487503.4595377,2025-04-24 09:38:23,event,stuck,22.96,24.66,27.16,25.42,23.8799991607666,247.22,25.42,23.39,27.4,27.72,26.24,2.0,0.0,0.0,0.0,32.85,32.39,32.76,30.23,0.0,3.0,0.0,1.0,15254.0,15254.0,15254.0,15254.0,15254.0,15254.0,15254.0,15228.0,15230.0,15213.0,15253.0,15254.0,9.69178011551155,False,interpolation,10000.0,True,highest_bucket,737.5,False,interpolation,10000.0,True,highest_bucket,10000.0,True,highest_bucket,737.5,False,interpolation,10000.0,True,highest_bucket,10000.0,True,highest_bucket,737.5,False,interpolation,10000.0,True,highest_bucket,10000.0,True,highest_bucket,737.8752715781158,False,interpolation,0.9199991607666007,0.4299999999999997,0.489999160766601,222.56,2.7399999999999984,219.82,0.5599999999999987,0.0,0.8199999999999967,0.8199999999999967,5.000071287155151,5.000071287155151,5.000071287155151,5.000071287155151,182956000.0,22.712,0.8759965753357758,0.28310612961579323,159.25,122.51172025565553,1.0985887694592786,27.478,0.6042516032250438,0.5262708419849528,25.42,0.0,,4.33133136938376e-05,4.33133136938376e-05,4.33133136938376e-05,4.33133136938376e-05
1745487508.459623,2025-04-24 09:38:28,event,stuck,23.0,25.28,27.05,25.42,23.1299991607666,27.3,26.17,23.04,26.89,27.72,26.24,0.0,0.0,0.0,0.0,32.85,32.39,32.76,30.23,0.0,3.0,0.0,1.0,15256.0,15256.0,15255.0,15255.0,15255.0,15255.0,15255.0,15229.0,15231.0,15214.0,15254.0,15255.0,9.691728547854787,False,interpolation,10000.0,True,highest_bucket,737.5,False,interpolation,10000.0,True,highest_bucket,10000.0,True,highest_bucket,737.5,False,interpolation,10000.0,True,highest_bucket,10000.0,True,highest_bucket,737.5,False,interpolation,10000.0,True,highest_bucket,10000.0,True,highest_bucket,737.8752468729427,False,interpolation,0.12999916076660156,0.03999999999999915,0.08999916076660242,2.0199999999999996,1.6099999999999994,0.41000000000000014,0.6699999999999982,0.75,0.8199999999999967,0.06999999999999673,5.000085353851318,5.000085353851318,5.000085353851318,5.000085353851318,182970000.0,22.852,0.849217286682278,0.17427812919141822,159.214,122.56087948444234,1.0927956829569043,27.524,0.5477499429484548,0.8653583740210544,25.42,0.0,,4.494256618723939e-05,4.494256618723939e-05,4.494256618723939e-05,4.494256618723939e-05
1745487513.459771,2025-04-24 09:38:33,event,stuck,23.53,251.24,25.95,25.42,23.530000686645508,24.91,25.42,22.51,26.89,26.29,26.16,0.0,0.0,0.0,0.0,32.85,32.39,32.76,30.23,0.0,3.0,0.0,1.0,15257.0,15257.0,15257.0,15257.0,15257.0,15257.0,15256.0,15230.0,15232.0,15215.0,15256.0,15257.0,9.691702764026402,False,interpolation,10000.0,True,highest_bucket,737.5,False,interpolation,10000.0,True,highest_bucket,10000.0,True,highest_bucket,737.5,False,interpolation,10000.0,True,highest_bucket,10000.0,True,highest_bucket,737.5,False,interpolation,10000.0,True,highest_bucket,10000.0,True,highest_bucket,737.8752221710223,False,interpolation,6.866455066756316e-07,1.0199999999999996,1.0200006866455062,226.33,224.35000000000002,1.9800000000000004,0.33999999999999986,0.0,0.7399999999999984,0.7399999999999984,5.000147819519043,5.000147819519043,5.000147819519043,5.000147819519043,182988000.0,22.744,0.6712898032891673,1.170880290671451,159.642,122.95634639985037,0.7449635800182778,27.28,0.9020254985309655,1.4744594273288656,25.42,0.0,,4.30211775547889e-05,4.30211775547889e-05,4.30211775547889e-05,4.30211775547889e-05
1745487518.4598753,2025-04-24 09:38:38,event,stuck,22.09,250.79,26.44,25.42,22.15999984741211,26.41,25.42,23.25,27.72,27.23,26.57,0.0,0.0,0.0,0.0,32.85,32.39,32.76,30.23,0.0,3.0,0.0,1.0,15258.0,15258.0,15258.0,15258.0,15258.0,15258.0,15258.0,15232.0,15234.0,15217.0,15257.0,15258.0,9.69167698019802,False,interpolation,10000.0,True,highest_bucket,737.5,False,interpolation,10000.0,True,highest_bucket,10000.0,True,highest_bucket,737.5,False,interpolation,10000.0,True,highest_bucket,10000.0,True,highest_bucket,737.5,False,interpolation,10000.0,True,highest_bucket,10000.0,True,highest_bucket,737.8751727769367,False,interpolation,0.06999984741210952,1.1600000000000001,1.0900001525878906,224.38,223.07,1.3099999999999987,0.7899999999999991,0.0,1.1499999999999986,1.1499999999999986,5.0001044273376465,5.0001044273376465,5.0001044273376465,5.0001044273376465,183004000.0,22.814,0.5472019736806598,1.323094642970929,160.602,123.81480654590548,0.7284104584580678,26.932,0.7976026579695159,0.616848496032471,25.42,0.0,,3.140598088712713e-05,3.140598088712713e-05,3.140598088712713e-05,3.140598088712713e-05
1745487523.4600222,2025-04-24 09:38:43,event,stuck,23.47,25.05,26.74,25.42,22.799999237060547,24.65,26.17,23.25,27.68,26.8,26.96,0.0,4.0,0.0,0.0,32.85,32.39,32.76,30.23,0.0,3.0,0.0,1.0,15259.0,15259.0,15259.0,15259.0,15259.0,15259.0,15259.0,15233.0,15235.0,15218.0,15258.0,15259.0,9.692166872937294,False,interpolation,10000.0,True,highest_bucket,737.5,False,interpolation,10000.0,True,highest_bucket,10000.0,True,highest_bucket,737.5,False,interpolation,10000.0,True,highest_bucket,10000.0,True,highest_bucket,737.5,False,interpolation,10000.0,True,highest_bucket,10000.0,True,highest_bucket,737.8751480847703,False,interpolation,0.670000762939452,0.21999999999999886,0.4500007629394531,0.40000000000000213,2.629999999999999,3.030000000000001,0.060000000000002274,0.75,1.5399999999999991,0.7899999999999991,5.000146865844727,5.000146865844727,5.000146865844727,5.000146865844727,183016000.0,23.01,0.5768448664935937,0.7974414382781128,115.404,123.79564018979018,0.7298641524166679,26.668,0.4900714233660605,0.146917360546074,25.42,0.0,,3.507120280361107e-05,3.507120280361107e-05,3.507120280361107e-05,3.507120280361107e-05
1745487528.460186,2025-04-24 09:38:48,event,stuck,23.22,25.16,26.38,25.42,23.56999969482422,24.65,25.42,23.43,27.68,26.8,26.01,0.0,2.0,0.0,2.0,32.85,32.39,32.76,30.23,0.0,3.0,0.0,1.0,15260.0,15260.0,15260.0,15260.0,15260.0,15260.0,15260.0,15234.0,15236.0,15219.0,15259.0,15260.0,9.692141089108912,False,interpolation,10000.0,True,highest_bucket,737.5,False,interpolation,10000.0,True,highest_bucket,10000.0,True,highest_bucket,737.5,False,interpolation,10000.0,True,highest_bucket,10000.0,True,highest_bucket,737.5,False,interpolation,10000.0,True,highest_bucket,10000.0,True,highest_bucket,737.875123395854,False,interpolation,0.3499996948242199,0.21000000000000085,0.13999969482421903,0.5100000000000016,2.5199999999999996,3.030000000000001,0.4200000000000017,0.0,0.5899999999999999,0.5899999999999999,5.000163793563843,5.000163793563843,5.000163793563843,5.000163793563843,183028000.0,23.062,0.5828979327463879,0.2710594619122481,115.50399999999999,123.70418153805471,0.7303229274606838,26.512,0.41227418061289756,0.3201752770541362,25.42,0.0,,3.3130918897374e-05,3.3130918897374e-05,3.3130918897374e-05,3.3130918897374e-05
1745487533.4602861,2025-04-24 09:38:53,event,stuck,23.14,245.87,26.89,25.42,22.520000457763672,28.47,26.06,23.46,28.24,26.78,26.01,0.0,4.0,0.0,2.0,32.85,32.39,32.76,30.23,0.0,3.0,0.0,1.0,15262.0,15262.0,15262.0,15262.0,15261.0,15261.0,15261.0,15235.0,15237.0,15220.0,15261.0,15261.0,9.692153021241493,False,interpolation,10000.0,True,highest_bucket,737.5,False,interpolation,10000.0,True,highest_bucket,10000.0,True,highest_bucket,737.5,False,interpolation,10000.0,True,highest_bucket,10000.0,True,highest_bucket,737.5,False,interpolation,10000.0,True,highest_bucket,10000.0,True,highest_bucket,737.8750987101869,False,interpolation,0.6199995422363287,0.3200000000000003,0.939999542236329,217.4,217.63,0.23000000000000043,0.10999999999999943,0.639999999999997,0.5899999999999999,0.04999999999999716,5.000100135803223,5.000100135803223,5.000100135803223,5.000100135803223,183045000.0,23.089999999999996,0.5825375524376201,0.08583137651947068,159.622,122.81473067185384,0.7022610360189142,26.479999999999997,0.3633868462121817,1.1282741911923926,25.42,0.0,,2.8529848990939634e-05,2.8529848990939634e-05,2.8529848990939634e-05,2.8529848990939634e-05
1745487538.460418,2025-04-24 09:38:58,event,stuck,23.5,253.31,27.36,25.42,23.68000030517578,253.77,25.42,22.86,27.22,26.55,26.15,0.0,2.0,4.0,0.0,32.85,32.39,32.76,30.23,0.0,3.0,0.0,1.0,15263.0,15263.0,15263.0,15263.0,15263.0,15263.0,15263.0,15237.0,15239.0,15221.0,15262.0,15263.0,9.69215898546242,False,interpolation,10000.0,True,highest_bucket,737.5,False,interpolation,10000.0,True,highest_bucket,10000.0,True,highest_bucket,737.5,False,interpolation,10000.0,True,highest_bucket,10000.0,True,highest_bucket,737.5,False,interpolation,10000.0,True,highest_bucket,10000.0,True,highest_bucket,737.8750740277686,False,interpolation,0.18000030517578125,0.6400000000000006,0.8200003051757818,0.46000000000000796,226.09,226.55,0.8099999999999987,0.0,0.7299999999999969,0.7299999999999969,5.000131845474243,5.000131845474243,5.000131845474243,5.000131845474243,183063000.0,23.083999999999996,0.5770008665504868,0.7209694544949258,160.036,123.20365124459582,0.757071718717357,26.762,0.3949936708354164,1.5139483089316892,25.42,0.0,,2.726710226200922e-05,2.726710226200922e-05,2.726710226200922e-05,2.726710226200922e-05
1745487543.4605656,2025-04-24 09:39:03,event,stuck,22.93,254.16,27.1,25.42,22.600000381469727,253.77,25.42,22.86,28.34,28.22,26.32,6.0,2.0,4.0,4.0,32.85,32.39,32.76,30.23,0.0,3.0,0.0,1.0,15264.0,15264.0,15264.0,15264.0,15264.0,15264.0,15264.0,15238.0,15240.0,15223.0,15263.0,15264.0,9.692164948453607,False,interpolation,10000.0,True,highest_bucket,737.5,False,interpolation,10000.0,True,highest_bucket,10000.0,True,highest_bucket,737.5,False,interpolation,10000.0,True,highest_bucket,10000.0,True,highest_bucket,737.5,False,interpolation,10000.0,True,highest_bucket,10000.0,True,highest_bucket,737.8750246726759,False,interpolation,0.32999961853027315,0.07000000000000028,0.25999961853027287,0.38999999999998636,225.82,225.43,1.1199999999999974,0.0,0.8999999999999986,0.8999999999999986,5.000147581100464,5.000147581100464,5.000147581100464,5.000147581100464,183076000.0,23.252,0.23784448700782207,1.353825787811552,160.71,123.83186807118754,0.7546522672683751,26.894,0.3699729719858454,0.5567974300779039,25.42,0.0,,2.4017047965597688e-05,2.4017047965597688e-05,2.4017047965597688e-05,2.4017047965597688e-05
1745487548.6425004,2025-04-24 09:39:08,recovery,stuck,22.48,25.45,27.24,25.42,22.600000381469727,28.42,26.32,22.5,28.34,27.03,26.71,4.0,2.0,4.0,6.0,32.85,32.39,32.76,30.23,0.0,3.0,0.0,1.0,15265.0,15265.0,15265.0,15265.0,15265.0,15265.0,15265.0,15239.0,15241.0,15224.0,15264.0,15265.0,9.692170910215442,False,interpolation,10000.0,True,highest_bucket,737.5,False,interpolation,10000.0,True,highest_bucket,10000.0,True,highest_bucket,737.5,False,interpolation,10000.0,True,highest_bucket,10000.0,True,highest_bucket,737.5,False,interpolation,10000.0,True,highest_bucket,10000.0,True,highest_bucket,737.875,False,interpolation,0.12000038146972614,0.019999999999999574,0.10000038146972656,2.9700000000000024,2.8900000000000006,0.08000000000000185,0.2099999999999973,0.8999999999999986,1.2899999999999991,0.39000000000000057,,,,,183088000.0,23.054,0.3803682426281297,1.5090639429674315,160.79000000000002,123.72239712356044,1.0939005640574293,26.994,0.3852012461039553,0.6386272175599608,25.42,0.0,,,,,
1745487553.64264,2025-04-24 09:39:13,recovery,stuck,22.24,251.74,27.11,25.42,22.540000915527344,253.76,25.42,22.43,27.39,27.03,26.71,4.0,2.0,0.0,4.0,32.85,32.39,32.76,30.23,0.0,3.0,0.0,1.0,15267.0,15267.0,15266.0,15266.0,15266.0,15266.0,15266.0,15240.0,15242.0,15225.0,15265.0,15266.0,9.692182830052563,False,interpolation,10000.0,True,highest_bucket,737.5,False,interpolation,10000.0,True,highest_bucket,10000.0,True,highest_bucket,737.5,False,interpolation,10000.0,True,highest_bucket,10000.0,True,highest_bucket,737.5,False,interpolation,10000.0,True,highest_bucket,10000.0,True,highest_bucket,737.8749753305704,False,interpolation,0.3000009155273453,0.19000000000000128,0.11000091552734403,2.019999999999982,224.35000000000002,226.37,0.0799999999999983,0.0,1.2899999999999991,1.2899999999999991,5.0001397132873535,5.0001397132873535,5.0001397132873535,5.0001397132873535,183102000.0,22.858,0.5053909377897576,1.222815752697746,206.106,101.04161583228962,0.4516356911368481,27.139999999999997,0.17564168070262015,0.1708022826927439,25.42,0.0,,,,,
1745487558.6427436,2025-04-24 09:39:18,recovery,stuck,22.95,252.38,26.64,25.42,22.989999771118164,27.01,26.13,22.7,26.97,27.55,26.53,2.0,4.0,2.0,2.0,32.85,32.39,32.76,30.23,0.0,3.0,0.0,1.0,15268.0,15268.0,15268.0,15268.0,15268.0,15268.0,15267.0,15241.0,15243.0,15226.0,15267.0,15268.0,9.692157064825311,False,interpolation,10000.0,True,highest_bucket,737.5,False,interpolation,10000.0,True,highest_bucket,10000.0,True,highest_bucket,737.5,False,interpolation,10000.0,True,highest_bucket,10000.0,True,highest_bucket,737.5,False,interpolation,10000.0,True,highest_bucket,10000.0,True,highest_bucket,737.8749506643862,False,interpolation,0.03999977111816477,0.25,0.2899997711181648,225.37,225.41,0.0400000000000027,0.9100000000000001,0.7099999999999973,1.1099999999999994,0.40000000000000213,5.00010347366333,5.00010347366333,5.00010347366333,5.00010347366333,183120000.0,22.82,0.48564390246353367,0.26768584829449293,207.408,101.7217576037693,0.4421079723688688,27.089999999999996,0.2731300056750279,1.6475670583605124,25.42,0.0,,2.562528389462357e-05,2.562528389462357e-05,2.562528389462357e-05,2.562528389462357e-05
1745487563.6428125,2025-04-24 09:39:23,recovery,stuck,23.0,252.75,26.77,25.42,22.809999465942383,246.9,26.17,22.82,27.0,27.89,26.69,2.0,4.0,2.0,4.0,32.85,32.39,32.76,30.23,0.0,3.0,0.0,1.0,15269.0,15269.0,15269.0,15269.0,15269.0,15269.0,15269.0,15243.0,15245.0,15228.0,15268.0,15269.0,9.692131299598062,False,interpolation,10000.0,True,highest_bucket,737.5,False,interpolation,10000.0,True,highest_bucket,10000.0,True,highest_bucket,737.5,False,interpolation,10000.0,True,highest_bucket,10000.0,True,highest_bucket,737.5,False,interpolation,10000.0,True,highest_bucket,10000.0,True,highest_bucket,737.8749013417522,False,interpolation,0.1900005340576172,0.17999999999999972,0.010000534057617472,5.849999999999994,225.75,219.9,1.120000000000001,0.75,1.2699999999999996,0.5199999999999996,5.00006890296936,5.00006890296936,5.00006890296936,5.00006890296936,183136000.0,22.72,0.340367448502364,0.8226403589180368,207.296,101.65887137874391,0.4471228077149801,26.972,0.2541062769788253,0.7949429758353997,25.42,0.0,,3.540843676572673e-05,3.540843676572673e-05,3.540843676572673e-05,3.540843676572673e-05
1745487568.6428967,2025-04-24 09:39:28,recovery,stuck,22.66,24.51,26.53,25.42,22.56999969482422,246.9,25.42,22.82,27.0,27.46,25.78,0.0,2.0,0.0,0.0,32.85,32.39,32.76,30.23,0.0,3.0,0.0,1.0,15270.0,15270.0,15270.0,15270.0,15270.0,15270.0,15270.0,15244.0,15246.0,15229.0,15269.0,15270.0,9.692105534370812,False,interpolation,10000.0,True,highest_bucket,737.5,False,interpolation,10000.0,True,highest_bucket,10000.0,True,highest_bucket,737.5,False,interpolation,10000.0,True,highest_bucket,10000.0,True,highest_bucket,737.5,False,interpolation,10000.0,True,highest_bucket,10000.0,True,highest_bucket,737.8748766853009,False,interpolation,0.09000030517578139,0.16000000000000014,0.25000030517578153,222.39000000000001,2.4899999999999984,219.9,0.9299999999999997,0.0,0.35999999999999943,0.35999999999999943,5.000084161758423,5.000084161758423,5.000084161758423,5.000084161758423,183148000.0,22.666,0.31949960876346745,0.018779365718854944,161.366,124.5037823923434,1.0992115851447117,26.858000000000004,0.3050737615725698,1.0751498205196501,25.42,0.0,,3.056999760993285e-05,3.056999760993285e-05,3.056999760993285e-05,3.056999760993285e-05
1745487573.64306,2025-04-24 09:39:33,recovery,stuck,21.98,247.15,27.03,25.42,22.719999313354492,246.9,26.13,22.38,28.28,27.46,25.78,2.0,0.0,2.0,0.0,32.85,32.39,32.76,30.23,0.0,3.0,0.0,1.0,15272.0,15272.0,15271.0,15271.0,15271.0,15271.0,15271.0,15245.0,15247.0,15230.0,15270.0,15271.0,9.692085737840067,False,interpolation,10000.0,True,highest_bucket,737.5,False,interpolation,10000.0,True,highest_bucket,10000.0,True,highest_bucket,737.5,False,interpolation,10000.0,True,highest_bucket,10000.0,True,highest_bucket,737.5,False,interpolation,10000.0,True,highest_bucket,10000.0,True,highest_bucket,737.8748520320926,False,interpolation,0.7399993133544918,0.3999999999999986,0.3399993133544932,0.25,218.87,218.62,0.4299999999999997,0.7099999999999973,0.35999999999999943,0.34999999999999787,5.000163316726685,5.000163316726685,5.000163316726685,5.000163316726685,183162000.0,22.566,0.4456231591827412,1.315012444763203,205.706,101.31673716617605,0.4090538361102674,26.815999999999995,0.24855582873881044,0.8609735731640519,25.42,0.0,,3.907177894532347e-05,3.907177894532347e-05,3.907177894532347e-05,3.907177894532347e-05
1745487578.6431422,2025-04-24 09:39:38,recovery,stuck,21.96,247.23,27.35,25.42,22.049999237060547,251.92,25.42,22.33,27.3,27.22,26.19,4.0,4.0,4.0,2.0,32.85,32.39,32.76,30.23,0.0,3.0,0.0,1.0,15273.0,15273.0,15273.0,15273.0,15273.0,15273.0,15272.0,15246.0,15248.0,15231.0,15272.0,15273.0,9.692091705306542,False,interpolation,10000.0,True,highest_bucket,737.5,False,interpolation,10000.0,True,highest_bucket,10000.0,True,highest_bucket,737.5,False,interpolation,10000.0,True,highest_bucket,10000.0,True,highest_bucket,737.5,False,interpolation,10000.0,True,highest_bucket,10000.0,True,highest_bucket,737.8748273821266,False,interpolation,0.08999923706054602,0.36999999999999744,0.2800007629394514,4.689999999999998,219.92999999999998,224.61999999999998,0.13000000000000256,0.0,0.7699999999999996,0.7699999999999996,5.00008225440979,5.00008225440979,5.00008225440979,5.00008225440979,183180000.0,22.509999999999998,0.5098038838612402,1.0788462336424602,204.804,100.82332359131988,0.42079549144770056,26.863999999999997,0.3295147948120664,1.4748958397366851,25.42,0.0,,3.725911088712444e-05,3.725911088712444e-05,3.725911088712444e-05,3.725911088712444e-05
1745487583.643538,2025-04-24 09:39:43,recovery,stuck,22.17,247.94,27.04,25.42,22.200000762939453,251.92,26.4,23.16,28.37,27.97,25.96,4.0,2.0,2.0,0.0,32.85,32.39,32.76,30.23,0.0,3.0,0.0,1.0,15274.0,15274.0,15274.0,15274.0,15274.0,15274.0,15274.0,15248.0,15250.0,15232.0,15273.0,15274.0,9.692097671543374,False,interpolation,10000.0,True,highest_bucket,737.5,False,interpolation,10000.0,True,highest_bucket,10000.0,True,highest_bucket,737.5,False,interpolation,10000.0,True,highest_bucket,10000.0,True,highest_bucket,737.5,False,interpolation,10000.0,True,highest_bucket,10000.0,True,highest_bucket,737.8748027354025,False,interpolation,0.03000076293945142,0.9899999999999984,0.959999237060547,3.9799999999999898,219.57,223.54999999999998,0.9299999999999997,0.9799999999999969,0.5399999999999991,0.4399999999999977,5.000395774841309,5.000395774841309,5.000395774841309,5.000395774841309,183195000.0,22.354,0.45823574718697063,0.40154003944376104,203.916,100.31782782736077,0.4388452277471747,26.944,0.30948344059099453,0.3101943025341742,25.42,0.0,,0.000137558181419355,0.000137558181419355,0.000137558181419355,0.000137558181419355
1745487588.6436853,2025-04-24 09:39:48,recovery,stuck,22.96,251.68,28.46,25.42,23.18000030517578,28.16,26.21,23.16,28.32,28.37,27.25,4.0,0.0,4.0,4.0,32.85,32.39,32.76,30.23,0.0,3.0,0.0,1.0,15275.0,15275.0,15275.0,15275.0,15275.0,15275.0,15275.0,15249.0,15251.0,15234.0,15274.0,15275.0,9.692587059550794,False,interpolation,10000.0,True,highest_bucket,737.5,False,interpolation,10000.0,True,highest_bucket,10000.0,True,highest_bucket,737.5,False,interpolation,10000.0,True,highest_bucket,10000.0,True,highest_bucket,737.5,False,interpolation,10000.0,True,highest_bucket,10000.0,True,highest_bucket,737.8747534516765,False,interpolation,0.2200003051757804,0.1999999999999993,0.020000305175781108,223.52,223.36,0.16000000000000014,0.08999999999999986,0.7899999999999991,1.8299999999999983,1.0399999999999991,5.000147342681885,5.000147342681885,5.000147342681885,5.000147342681885,183208000.0,22.346,0.4442746898035065,1.3820278626980984,203.702,100.18866887028692,0.4788765091002113,27.282,0.721089453535445,1.6336392027706956,25.42,0.0,,0.0001289334742913913,0.0001289334742913913,0.0001289334742913913,0.0001289334742913913
1745487593.643837,2025-04-24 09:39:53,recovery,stuck,23.45,246.63,27.78,25.42,22.709999084472656,25.0,25.42,22.72,28.32,28.37,25.95,4.0,2.0,4.0,2.0,32.85,32.39,32.76,30.23,0.0,3.0,0.0,1.0,15276.0,15276.0,15276.0,15276.0,15276.0,15276.0,15276.0,15250.0,15252.0,15235.0,15275.0,15276.0,9.692561302287244,False,interpolation,10000.0,True,highest_bucket,737.5,False,interpolation,10000.0,True,highest_bucket,10000.0,True,highest_bucket,737.5,False,interpolation,10000.0,True,highest_bucket,10000.0,True,highest_bucket,737.5,False,interpolation,10000.0,True,highest_bucket,10000.0,True,highest_bucket,737.8747288146736,False,interpolation,0.740000915527343,0.7300000000000004,0.010000915527342613,221.63,218.31,3.3200000000000003,0.5899999999999999,0.0,0.5299999999999976,0.5299999999999976,5.000151634216309,5.000151634216309,5.000151634216309,5.000151634216309,183220000.0,22.504,0.6680044910028713,1.416158143757048,248.12599999999998,2.04076701267048,0.7330577134537102,27.532,0.6020548147802254,0.41192262550135283,25.42,0.0,,0.00012035078458553543,0.00012035078458553543,0.00012035078458553543,0.00012035078458553543
1745487598.643989,2025-04-24 09:39:58,recovery,stuck,22.84,248.71,27.86,25.42,23.59000015258789,25.0,25.42,23.32,27.46,38.29,25.95,4.0,4.0,0.0,6.0,32.85,32.39,32.76,30.23,0.0,3.0,0.0,1.0,15278.0,15278.0,15278.0,15278.0,15277.0,15277.0,15277.0,15251.0,15253.0,15236.0,15277.0,15277.0,9.692573135558302,False,interpolation,10000.0,True,highest_bucket,737.5,False,interpolation,10000.0,True,highest_bucket,10000.0,True,highest_bucket,737.5,False,interpolation,10000.0,True,highest_bucket,10000.0,True,highest_bucket,737.5,False,interpolation,10000.0,True,highest_bucket,10000.0,True,highest_bucket,737.8747041809097,False,interpolation,0.7500001525878908,0.4800000000000004,0.27000015258789034,223.71,221.25,2.460000000000001,10.43,0.0,0.5299999999999976,0.5299999999999976,5.000152111053467,5.000152111053467,5.000152111053467,5.000152111053467,183237000.0,22.676,0.6073137574598565,0.2700416349630313,248.43800000000002,1.9723513885725419,0.13790646107783414,27.698,0.5402962150524974,0.2998355263033972,25.42,0.0,,0.00012102926474381603,0.00012102926474381603,0.00012102926474381603,0.00012102926474381603
1745487603.6440609,2025-04-24 09:40:03,recovery,stuck,23.47,249.43,38.03,25.42,23.110000610351562,28.91,25.42,22.46,27.4,27.63,24.82,4.0,2.0,4.0,2.0,32.85,32.39,32.76,30.23,0.0,3.0,0.0,1.0,15279.0,15279.0,15279.0,15279.0,15279.0,15279.0,15279.0,15253.0,15255.0,15237.0,15278.0,15279.0,9.692579050365639,False,interpolation,10000.0,True,highest_bucket,737.5,False,interpolation,10000.0,True,highest_bucket,10000.0,True,highest_bucket,737.5,False,interpolation,10000.0,True,highest_bucket,10000.0,True,highest_bucket,737.5,False,interpolation,10000.0,True,highest_bucket,10000.0,True,highest_bucket,737.8746795503846,False,interpolation,0.35999938964843636,1.009999999999998,0.6500006103515616,220.52,222.03,1.5100000000000016,10.400000000000002,0.0,0.6000000000000014,0.6000000000000014,5.00007176399231,5.00007176399231,5.00007176399231,5.00007176399231,183255000.0,22.978,0.5331697665847304,0.9227830061549628,248.878,1.8786617577424822,0.2938261758536772,29.834000000000003,4.60934702533885,1.7781260458247836,25.42,0.0,,0.0001233423442358889,0.0001233423442358889,0.0001233423442358889,0.0001233423442358889
1745487608.6441543,2025-04-24 09:40:08,recovery,stuck,22.24,25.16,38.08,25.42,22.829999923706055,246.55,25.42,22.46,27.82,28.23,25.23,0.0,2.0,2.0,2.0,32.85,32.39,32.76,30.23,0.0,3.0,0.0,1.0,15280.0,15280.0,15280.0,15280.0,15280.0,15280.0,15280.0,15254.0,15256.0,15239.0,15279.0,15280.0,9.692584963954685,False,interpolation,10000.0,True,highest_bucket,737.5,False,interpolation,10000.0,True,highest_bucket,10000.0,True,highest_bucket,737.5,False,interpolation,10000.0,True,highest_bucket,10000.0,True,highest_bucket,737.5,False,interpolation,10000.0,True,highest_bucket,10000.0,True,highest_bucket,737.874630299047,False,interpolation,0.5899999237060563,0.22000000000000242,0.36999992370605383,221.39000000000001,2.66,218.73000000000002,9.849999999999998,0.0,0.19000000000000128,0.19000000000000128,5.000093460083008,5.000093460083008,5.000093460083008,5.000093460083008,183268000.0,22.992,0.5069220847428305,1.4834626910790516,204.322,100.17084840411405,1.7885642664941406,32.042,5.495408992968597,1.0987353275662735,25.42,0.0,,3.793853198339564e-05,3.793853198339564e-05,3.793853198339564e-05,3.793853198339564e-05
1745487613.6443064,2025-04-24 09:40:13,recovery,stuck,22.9,25.13,28.38,25.42,22.829999923706055,246.55,25.42,22.27,27.82,28.38,25.78,2.0,0.0,0.0,6.0,32.85,32.39,32.76,30.23,0.0,3.0,0.0,1.0,15281.0,15281.0,15281.0,15281.0,15281.0,15281.0,15281.0,15255.0,15257.0,15240.0,15280.0,15281.0,9.692590876325815,False,interpolation,10000.0,True,highest_bucket,737.5,False,interpolation,10000.0,True,highest_bucket,10000.0,True,highest_bucket,737.5,False,interpolation,10000.0,True,highest_bucket,10000.0,True,highest_bucket,737.5,False,interpolation,10000.0,True,highest_bucket,10000.0,True,highest_bucket,737.8746056782335,False,interpolation,0.07000007629394389,0.629999999999999,0.5599999237060551,221.42000000000002,2.6900000000000013,218.73000000000002,0.0,0.0,0.35999999999999943,0.35999999999999943,5.000152111053467,5.000152111053467,5.000152111053467,5.000152111053467,183280000.0,22.979999999999997,0.5085764445980734,0.1573018193228003,159.012,122.20761809314504,1.095529084757686,32.025999999999996,5.508546087671423,0.6618806381887308,25.42,0.0,,3.874650352758832e-05,3.874650352758832e-05,3.874650352758832e-05,3.874650352758832e-05
1745487618.6444533,2025-04-24 09:40:18,recovery,stuck,23.47,24.62,27.92,25.42,21.8799991607666,28.28,25.42,23.27,28.0,28.38,25.78,0.0,0.0,4.0,2.0,32.85,32.39,32.76,30.23,0.0,3.0,0.0,1.0,15283.0,15283.0,15282.0,15282.0,15282.0,15282.0,15282.0,15256.0,15258.0,15241.0,15281.0,15282.0,9.692602697415834,False,interpolation,10000.0,True,highest_bucket,737.5,False,interpolation,10000.0,True,highest_bucket,10000.0,True,highest_bucket,737.5,False,interpolation,10000.0,True,highest_bucket,10000.0,True,highest_bucket,737.5,False,interpolation,10000.0,True,highest_bucket,10000.0,True,highest_bucket,737.8745810606558,False,interpolation,1.5900008392333973,0.1999999999999993,1.390000839233398,3.66,3.379999999999999,0.28000000000000114,0.4599999999999973,0.0,0.35999999999999943,0.35999999999999943,5.000146865844727,5.000146865844727,5.000146865844727,5.000146865844727,183294000.0,22.983999999999998,0.5132543229238479,0.9468989900200199,114.61000000000001,122.74507668334394,0.733145494968853,32.053999999999995,5.481859173674579,0.7541237140590218,25.42,0.0,,3.795351205662461e-05,3.795351205662461e-05,3.795351205662461e-05,3.795351205662461e-05
1745487623.6446002,2025-04-24 09:40:23,recovery,stuck,22.5,25.14,27.96,25.42,22.239999771118164,24.57,25.42,23.05,27.06,28.06,26.46,2.0,4.0,2.0,6.0,32.85,32.39,32.76,30.23,0.0,3.0,0.0,1.0,15284.0,15284.0,15284.0,15284.0,15284.0,15284.0,15283.0,15257.0,15259.0,15242.0,15283.0,15284.0,9.692608606135474,False,interpolation,10000.0,True,highest_bucket,737.5,False,interpolation,10000.0,True,highest_bucket,10000.0,True,highest_bucket,737.5,False,interpolation,10000.0,True,highest_bucket,10000.0,True,highest_bucket,737.5,False,interpolation,10000.0,True,highest_bucket,10000.0,True,highest_bucket,737.8745564463136,False,interpolation,0.26000022888183594,0.5500000000000007,0.8100002288818366,0.5700000000000003,1.9199999999999982,2.4899999999999984,0.09999999999999787,0.0,1.0399999999999991,1.0399999999999991,5.000146865844727,5.000146865844727,5.000146865844727,5.000146865844727,183312000.0,22.916,0.557700636542595,0.7459198945494262,69.89600000000002,100.36281348188669,0.4459420620773799,32.074,5.462882023254769,0.7530823441705754,25.42,0.0,,3.701773804369472e-05,3.701773804369472e-05,3.701773804369472e-05,3.701773804369472e-05
1745487628.6447227,2025-04-24 09:40:28,recovery,stuck,23.04,245.79,28.12,25.42,23.31999969482422,24.57,25.42,21.67,26.83,27.96,25.8,0.0,4.0,0.0,4.0,32.85,32.39,32.76,30.23,0.0,3.0,0.0,1.0,15285.0,15285.0,15285.0,15285.0,15285.0,15285.0,15285.0,15259.0,15261.0,15244.0,15284.0,15285.0,9.692614513638704,False,interpolation,10000.0,True,highest_bucket,737.5,False,interpolation,10000.0,True,highest_bucket,10000.0,True,highest_bucket,737.5,False,interpolation,10000.0,True,highest_bucket,10000.0,True,highest_bucket,737.5,False,interpolation,10000.0,True,highest_bucket,10000.0,True,highest_bucket,737.8745072273325,False,interpolation,0.2799996948242196,1.3699999999999974,1.649999694824217,221.22,218.95999999999998,2.259999999999998,0.16000000000000014,0.0,0.379999999999999,0.379999999999999,5.000122547149658,5.000122547149658,5.000122547149658,5.000122547149658,183328000.0,22.830000000000002,0.47843494855624186,0.43893114546441,69.168,98.73496022179769,1.7888496597683055,30.092000000000002,4.469084917519477,0.4412536428362478,25.42,0.0,,2.4598974826785036e-05,2.4598974826785036e-05,2.4598974826785036e-05,2.4598974826785036e-05
1745487633.6448176,2025-04-24 09:40:33,recovery,stuck,23.09,250.17,28.14,25.42,21.920000076293945,26.36,25.42,21.67,26.83,27.19,25.16,4.0,0.0,0.0,4.0,32.85,32.39,32.76,30.23,0.0,3.0,0.0,1.0,15286.0,15286.0,15286.0,15286.0,15286.0,15286.0,15286.0,15260.0,15262.0,15245.0,15285.0,15286.0,9.692620419925895,False,interpolation,10000.0,True,highest_bucket,737.5,False,interpolation,10000.0,True,highest_bucket,10000.0,True,highest_bucket,737.5,False,interpolation,10000.0,True,highest_bucket,10000.0,True,highest_bucket,737.5,False,interpolation,10000.0,True,highest_bucket,10000.0,True,highest_bucket,737.8744826226924,False,interpolation,1.1699999237060545,1.4199999999999982,0.2500000762939436,223.81,223.33999999999997,0.46999999999999886,0.9499999999999993,0.0,0.26000000000000156,0.26000000000000156,5.000094890594482,5.000094890594482,5.000094890594482,5.000094890594482,183340000.0,22.999999999999996,0.3502142201567737,0.25698556717575555,114.17,122.16125551908827,1.1132825986611554,28.103999999999996,0.1818790807102872,0.1979337033121959,25.42,0.0,,2.403514712391662e-05,2.403514712391662e-05,2.403514712391662e-05,2.403514712391662e-05
1745487638.6448998,2025-04-24 09:40:38,recovery,stuck,21.79,24.66,27.17,25.42,21.469999313354492,25.17,25.42,21.82,26.58,27.19,25.92,0.0,2.0,0.0,0.0,32.85,32.39,32.76,30.23,0.0,3.0,0.0,1.0,15288.0,15288.0,15287.0,15287.0,15287.0,15287.0,15287.0,15261.0,15263.0,15246.0,15286.0,15287.0,9.692568958419102,False,interpolation,10000.0,True,highest_bucket,737.5,False,interpolation,10000.0,True,highest_bucket,10000.0,True,highest_bucket,737.5,False,interpolation,10000.0,True,highest_bucket,10000.0,True,highest_bucket,737.5,False,interpolation,10000.0,True,highest_bucket,10000.0,True,highest_bucket,737.8744580212849,False,interpolation,0.32000068664550696,0.030000000000001137,0.3500006866455081,0.5100000000000016,1.9199999999999982,1.4099999999999966,0.019999999999999574,0.0,0.5,0.5,5.00008225440979,5.00008225440979,5.00008225440979,5.00008225440979,183354000.0,22.778,0.651590362114122,1.516290076474393,114.076,122.2470487578329,0.7314368805510385,27.862000000000002,0.398647714153752,1.7358684759273622,25.42,0.0,,2.9566018737646056e-05,2.9566018737646056e-05,2.9566018737646056e-05,2.9566018737646056e-05
1745487643.6450315,2025-04-24 09:40:43,recovery,stuck,21.98,25.35,26.8,25.42,22.1299991607666,25.17,25.42,22.22,26.05,26.73,25.92,2.0,2.0,0.0,0.0,32.85,32.39,32.76,30.23,0.0,3.0,0.0,1.0,15289.0,15289.0,15289.0,15289.0,15288.0,15288.0,15288.0,15262.0,15264.0,15247.0,15288.0,15288.0,9.692543227665707,False,interpolation,10000.0,True,highest_bucket,737.5,False,interpolation,10000.0,True,highest_bucket,10000.0,True,highest_bucket,737.5,False,interpolation,10000.0,True,highest_bucket,10000.0,True,highest_bucket,737.5,False,interpolation,10000.0,True,highest_bucket,10000.0,True,highest_bucket,737.8744334231097,False,interpolation,0.14999916076660114,0.23999999999999844,0.0900008392333973,0.17999999999999972,0.6999999999999993,0.879999999999999,0.07000000000000028,0.0,0.5,0.5,5.000131607055664,5.000131607055664,5.000131607055664,5.000131607055664,183369000.0,22.48,0.5941801073748658,0.8414956909430023,114.22200000000001,122.11386518327873,0.7277797641292695,27.637999999999998,0.6142637869840641,1.364234743699351,25.42,0.0,,2.656522247653981e-05,2.656522247653981e-05,2.656522247653981e-05,2.656522247653981e-05
1745487648.6451128,2025-04-24 09:40:48,recovery,stuck,22.02,252.31,26.53,25.42,22.229999542236328,246.03,25.42,22.7,26.92,28.0,25.42,2.0,2.0,0.0,4.0,32.85,32.39,32.76,30.23,0.0,3.0,0.0,1.0,15290.0,15290.0,15290.0,15290.0,15290.0,15290.0,15290.0,15264.0,15266.0,15248.0,15289.0,15290.0,9.692549140681281,False,interpolation,10000.0,True,highest_bucket,737.5,False,interpolation,10000.0,True,highest_bucket,10000.0,True,highest_bucket,737.5,False,interpolation,10000.0,True,highest_bucket,10000.0,True,highest_bucket,737.5,False,interpolation,10000.0,True,highest_bucket,10000.0,True,highest_bucket,737.874408828166,False,interpolation,0.20999954223632855,0.6799999999999997,0.47000045776367116,6.280000000000001,225.39,219.11,1.4699999999999989,0.0,0.0,0.0,5.000081300735474,5.000081300735474,5.000081300735474,5.000081300735474,183387000.0,22.384,0.6279570048976326,0.5796575198000041,159.656,122.9416889423599,0.7536418345728111,27.352000000000004,0.7457010124708116,1.1023184711475469,25.42,0.0,,2.3271778472378785e-05,2.3271778472378785e-05,2.3271778472378785e-05,2.3271778472378785e-05
1745487653.6451936,2025-04-24 09:40:53,recovery,stuck,21.95,245.44,27.16,25.42,22.3700008392334,246.03,25.42,22.7,27.04,27.03,25.63,2.0,0.0,0.0,2.0,32.85,32.39,32.76,30.23,0.0,3.0,0.0,1.0,15291.0,15291.0,15291.0,15291.0,15291.0,15291.0,15291.0,15265.0,15267.0,15250.0,15290.0,15291.0,9.692555052479934,False,interpolation,10000.0,True,highest_bucket,737.5,False,interpolation,10000.0,True,highest_bucket,10000.0,True,highest_bucket,737.5,False,interpolation,10000.0,True,highest_bucket,10000.0,True,highest_bucket,737.5,False,interpolation,10000.0,True,highest_bucket,10000.0,True,highest_bucket,737.8743596479706,False,interpolation,0.42000083923339915,0.75,0.32999916076660085,0.5900000000000034,218.4,218.99,0.129999999999999,0.0,0.2099999999999973,0.2099999999999973,5.000080823898315,5.000080823898315,5.000080823898315,5.000080823898315,183400000.0,22.165999999999997,0.523860668498793,0.41232337716626116,159.586,122.88047009187416,0.6986789677465381,27.160000000000004,0.6097130472607473,5.8268618242003316e-15,25.42,0.0,,2.1724237274596842e-05,2.1724237274596842e-05,2.1724237274596842e-05,2.1724237274596842e-05
1745487658.645354,2025-04-24 09:40:58,recovery,stuck,22.33,24.89,27.15,25.42,22.229999542236328,26.64,25.42,22.96,27.04,27.03,25.62,2.0,0.0,0.0,2.0,32.85,32.39,32.76,30.23,0.0,3.0,0.0,1.0,15292.0,15292.0,15292.0,15292.0,15292.0,15292.0,15292.0,15266.0,15268.0,15251.0,15291.0,15292.0,9.692560963062043,False,interpolation,10000.0,True,highest_bucket,737.5,False,interpolation,10000.0,True,highest_bucket,10000.0,True,highest_bucket,737.5,False,interpolation,10000.0,True,highest_bucket,10000.0,True,highest_bucket,737.5,False,interpolation,10000.0,True,highest_bucket,10000.0,True,highest_bucket,737.8743350627175,False,interpolation,0.10000045776367017,0.6300000000000026,0.7300004577636727,1.75,2.1499999999999986,0.3999999999999986,0.11999999999999744,0.0,0.1999999999999993,0.1999999999999993,5.000160455703735,5.000160455703735,5.000160455703735,5.000160455703735,183412000.0,22.014,0.1970532922840914,1.6036271017711405,114.53,122.66394682220191,0.7307770728258953,26.962,0.28752391204903055,0.6538586605205197,25.42,0.0,,3.681232274270108e-05,3.681232274270108e-05,3.681232274270108e-05,3.681232274270108e-05
1745487663.6454556,2025-04-24 09:41:03,recovery,stuck,23.48,254.75,27.06,25.42,23.149999618530273,26.64,25.42,23.3,26.97,26.93,25.62,4.0,0.0,0.0,2.0,32.85,32.39,32.76,30.23,0.0,3.0,0.0,1.0,15294.0,15294.0,15294.0,15294.0,15293.0,15293.0,15293.0,15267.0,15269.0,15252.0,15293.0,15293.0,9.69257278057813,False,interpolation,10000.0,True,highest_bucket,737.5,False,interpolation,10000.0,True,highest_bucket,10000.0,True,highest_bucket,737.5,False,interpolation,10000.0,True,highest_bucket,10000.0,True,highest_bucket,737.5,False,interpolation,10000.0,True,highest_bucket,10000.0,True,highest_bucket,737.8743104806936,False,interpolation,0.330000381469727,0.17999999999999972,0.15000038146972727,228.11,227.78,0.3299999999999983,0.129999999999999,0.0,0.1999999999999993,0.1999999999999993,5.000101566314697,5.000101566314697,5.000101566314697,5.000101566314697,183429000.0,22.351999999999997,0.6486678657063306,1.7389484813953766,160.548,123.67550816552152,0.7616867834003516,26.939999999999998,0.2713853349021968,0.4421756984151233,25.42,0.0,,3.446752676412715e-05,3.446752676412715e-05,3.446752676412715e-05,3.446752676412715e-05
